股票代码,股票简称,国家队持股比例,国家队机构名称
603060.SH,国检集团,0.821,易方达基金-中央汇金资产管理有限责任公司-易方达基金
603000.SH,人民网,0.6531,华夏基金-中央汇金资产管理有限责任公司-华夏基金-汇金资管单一资产管理计划
601995.SH,中金公司,66.2264,中央汇金投资有限责任公司
601801.SH,皖新传媒,0.8001,中央汇金资产管理有限责任公司
601666.SH,平煤股份,1.2862,中央汇金资产管理有限责任公司
601139.SH,深圳燃气,0.9545,中央汇金资产管理有限责任公司
601066.SH,中信建投,62.6037,中央汇金投资有限责任公司
601012.SH,隆基绿能,1.1909,中央汇金资产管理有限责任公司
601010.SH,文峰股份,1.1878,中央汇金资产管理有限责任公司
601000.SH,唐山港,1.5491,中央汇金资产管理有限责任公司
600895.SH,张江高科,2.5906,中央汇金资产管理有限责任公司
600894.SH,广日股份,1.8931,中央汇金资产管理有限责任公司
600874.SH,创业环保,1.1271,中央汇金资产管理有限责任公司
600863.SH,内蒙华电,0.6381,中央汇金资产管理有限责任公司
600851.SH,海欣股份,3.0611,中央汇金资产管理有限责任公司
600826.SH,兰生股份,2.42,中央汇金资产管理有限责任公司
600812.SH,华北制药,3.2008,中央汇金资产管理有限责任公司
600808.SH,马钢股份,2.3321,中央汇金资产管理有限责任公司
600787.SH,中储股份,0.9509,中央汇金资产管理有限责任公司
600780.SH,通宝能源,0.7707,中央汇金资产管理有限责任公司
600750.SH,江中药业,2.4859,中央汇金资产管理有限责任公司
600743.SH,华远地产,1.8507,中央汇金资产管理有限责任公司
600736.SH,苏州高新,1.3047,中央汇金资产管理有限责任公司
600729.SH,重庆百货,2.319,中央汇金资产管理有限责任公司
600717.SH,天津港,1.2209,中央汇金资产管理有限责任公司
600694.SH,大商股份,3.0001,中央汇金资产管理有限责任公司
600657.SH,信达地产,1.0461,中央汇金资产管理有限责任公司
600642.SH,申能股份,1.0258,中央汇金资产管理有限责任公司
600637.SH,东方明珠,1.0039,中央汇金资产管理有限责任公司
600636.SH,国新文化,2.7315,中央汇金资产管理有限责任公司
600633.SH,浙数文化,1.3867,中央汇金资产管理有限责任公司
600628.SH,新世界,1.9683,中央汇金资产管理有限责任公司
600578.SH,京能电力,0.3893,中央汇金资产管理有限责任公司
600557.SH,康缘药业,3.0919,中央汇金资产管理有限责任公司
600528.SH,中铁工业,1.2498,易方达基金-中央汇金资产管理有限责任公司-易方达基金
600522.SH,中天科技,1.786,中央汇金资产管理有限责任公司
600510.SH,黑牡丹,0.416,中央汇金资产管理有限责任公司
600435.SH,北方导航,2.2257,中央汇金资产管理有限责任公司
600425.SH,青松建化,2.4717,易方达基金-中央汇金资产管理有限责任公司-易方达基金
600376.SH,首开股份,1.489,中央汇金资产管理有限责任公司
600325.SH,华发股份,2.5212,中央汇金资产管理有限责任公司
600284.SH,浦东建设,2.044,中央汇金资产管理有限责任公司
600261.SH,阳光照明,2.2647,中央汇金资产管理有限责任公司
600252.SH,中恒集团,1.4534,中央汇金资产管理有限责任公司
600170.SH,上海建工,0.5942,中央汇金资产管理有限责任公司
600120.SH,浙江东方,0.8821,中央汇金资产管理有限责任公司
600064.SH,南京高科,2.6689,中央汇金资产管理有限责任公司
600056.SH,中国医药,2.0406,中央汇金资产管理有限责任公司
600037.SH,歌华有线,2.146,中央汇金资产管理有限责任公司
600030.SH,中信证券,1.6848,中央汇金资产管理有限责任公司
600026.SH,中远海能,2.6115,中央汇金资产管理有限责任公司
600021.SH,上海电力,1.2943,中央汇金资产管理有限责任公司
600017.SH,日照港,1.8425,中央汇金资产管理有限责任公司
300396.SZ,迪瑞医疗,1.003,中央汇金资产管理有限责任公司
300341.SZ,麦克奥迪,0.2175,中央汇金资产管理有限责任公司
300321.SZ,同大股份,1.7923,中央汇金资产管理有限责任公司
300059.SZ,东方财富,1.1359,中央汇金资产管理有限责任公司
002724.SZ,海洋王,0.9888,中央汇金资产管理有限责任公司
002594.SZ,比亚迪,1.0303,中央汇金资产管理有限责任公司
002500.SZ,山西证券,1.4401,中央汇金资产管理有限责任公司
002462.SZ,嘉事堂,1.4962,中央汇金资产管理有限责任公司
002452.SZ,长高电新,1.1331,易方达基金-中央汇金资产管理有限责任公司-易方达基金
002415.SZ,海康威视,0.7105,中央汇金资产管理有限责任公司
002396.SZ,星网锐捷,3.5895,中央汇金资产管理有限责任公司
002365.SZ,永安药业,3.119,中央汇金资产管理有限责任公司
002342.SZ,巨力索具,1.9073,易方达基金-中央汇金资产管理有限责任公司-易方达基金
002338.SZ,奥普光电,1.2463,易方达基金-中央汇金资产管理有限责任公司-易方达基金
002294.SZ,信立泰,1.2621,中央汇金资产管理有限责任公司
002277.SZ,友阿股份,2.2129,中央汇金资产管理有限责任公司
002267.SZ,陕天然气,1.4167,中央汇金资产管理有限责任公司
002250.SZ,联化科技,1.3104,中央汇金资产管理有限责任公司
002246.SZ,北化股份,0.9298,中央汇金资产管理有限责任公司
002244.SZ,滨江集团,1.0607,中央汇金资产管理有限责任公司
002242.SZ,九阳股份,1.4629,中央汇金资产管理有限责任公司
002225.SZ,濮耐股份,1.8135,中央汇金资产管理有限责任公司
002189.SZ,中光学,2.0899,易方达基金-中央汇金资产管理有限责任公司-易方达基金
002154.SZ,报喜鸟,0.9822,易方达基金-中央汇金资产管理有限责任公司-易方达基金
002153.SZ,石基信息,2.8079,中央汇金资产管理有限责任公司
002142.SZ,宁波银行,1.1573,中央汇金资产管理有限责任公司
002073.SZ,软控股份,3.4604,中央汇金资产管理有限责任公司
002066.SZ,瑞泰科技,2.6607,中央汇金资产管理有限责任公司
002053.SZ,云南能投,0.573,中央汇金资产管理有限责任公司
002030.SZ,达安基因,0.9133,中央汇金资产管理有限责任公司
002029.SZ,七匹狼,1.9133,中央汇金资产管理有限责任公司
000997.SZ,新大陆,1.8047,中央汇金资产管理有限责任公司
000973.SZ,佛塑科技,1.4323,中央汇金资产管理有限责任公司
000900.SZ,现代投资,3.1068,中央汇金资产管理有限责任公司
000898.SZ,鞍钢股份,1.0512,中央汇金资产管理有限责任公司
000883.SZ,湖北能源,0.7134,中央汇金资产管理有限责任公司
000823.SZ,超声电子,3.1532,中央汇金资产管理有限责任公司
000728.SZ,国元证券,1.5579,中央汇金资产管理有限责任公司
000726.SZ,鲁泰A,3.3785,中央汇金资产管理有限责任公司
000686.SZ,东北证券,1.7135,中央汇金资产管理有限责任公司
000685.SZ,中山公用,2.1471,中央汇金资产管理有限责任公司
000661.SZ,长春高新,1.6137,中央汇金资产管理有限责任公司
000652.SZ,泰达股份,3.3201,中央汇金资产管理有限责任公司
000631.SZ,顺发恒业,1.3314,中央汇金资产管理有限责任公司
000598.SZ,兴蓉环境,1.774,中央汇金资产管理有限责任公司
000563.SZ,陕国投A,0.9966,中央汇金资产管理有限责任公司
000541.SZ,佛山照明,2.7712,中央汇金资产管理有限责任公司
000417.SZ,合百集团,1.5823,中央汇金资产管理有限责任公司
000402.SZ,金融街,1.7329,中央汇金资产管理有限责任公司
000063.SZ,中兴通讯,1.0472,中央汇金资产管理有限责任公司
000062.SZ,深圳华强,1.2518,中央汇金资产管理有限责任公司
000061.SZ,农产品,1.0863,中央汇金资产管理有限责任公司
000031.SZ,大悦城,1.6108,中央汇金资产管理有限责任公司
000030.SZ,富奥股份,2.0246,中央汇金资产管理有限责任公司
000006.SZ,深振业A,1.1891,中央汇金资产管理有限责任公司
603288.SH,海天味业,0.9449,中国证券金融股份有限公司
601992.SH,金隅集团,0.6443,中国证券金融股份有限公司
601985.SH,中国核电,2.4646,中国证券金融股份有限公司
601919.SH,中远海控,2.9303,中国证券金融股份有限公司
601899.SH,紫金矿业,3.3624,中国证券金融股份有限公司
601881.SH,中国银河,1.1608,中国证券金融股份有限公司
601818.SH,光大银行,2.132,中国证券金融股份有限公司
601808.SH,中海油服,4.6608,中国证券金融股份有限公司
601788.SH,光大证券,3.3299,中国证券金融股份有限公司
601727.SH,上海电气,1.8451,中国证券金融股份有限公司
601688.SH,华泰证券,2.0962,中国证券金融股份有限公司
601633.SH,长城汽车,3.1868,中国证券金融股份有限公司
601618.SH,中国中冶,3.2995,中国证券金融股份有限公司
601607.SH,上海医药,2.1383,中国证券金融股份有限公司
601601.SH,中国太保,3.9604,中国证券金融股份有限公司
601600.SH,中国铝业,3.416,中国证券金融股份有限公司
601377.SH,兴业证券,2.4776,中国证券金融股份有限公司
601328.SH,交通银行,4.8194,中国证券金融股份有限公司
601231.SH,环旭电子,1.0361,中国证券金融股份有限公司
601225.SH,陕西煤业,2.0118,中国证券金融股份有限公司
601216.SH,君正集团,4.8022,中国证券金融股份有限公司
601211.SH,国泰君安,3.4831,中国证券金融股份有限公司
601169.SH,北京银行,1.5326,中国证券金融股份有限公司
601166.SH,兴业银行,2.9952,中国证券金融股份有限公司
601155.SH,新城控股,1.2332,中国证券金融股份有限公司
601117.SH,中国化学,1.6308,中国证券金融股份有限公司
601111.SH,中国国航,2.7683,中国证券金融股份有限公司
601021.SH,春秋航空,1.7263,中国证券金融股份有限公司
601009.SH,南京银行,2.7168,中国证券金融股份有限公司
600999.SH,招商证券,2.3011,中国证券金融股份有限公司
600958.SH,东方证券,3.0507,中国证券金融股份有限公司
600900.SH,长江电力,2.7408,中国证券金融股份有限公司
600887.SH,伊利股份,2.8932,中国证券金融股份有限公司
600886.SH,国投电力,2.9237,中国证券金融股份有限公司
600837.SH,海通证券,2.6734,中国证券金融股份有限公司
600690.SH,海尔智家,2.9194,中国证券金融股份有限公司
600660.SH,福耀玻璃,1.4027,中国证券金融股份有限公司
600606.SH,绿地控股,2.9047,中国证券金融股份有限公司
600600.SH,青岛啤酒,2.2587,中国证券金融股份有限公司
600588.SH,用友网络,1.4565,中国证券金融股份有限公司
600570.SH,恒生电子,1.3165,中国证券金融股份有限公司
600547.SH,山东黄金,3.0111,中国证券金融股份有限公司
600436.SH,片仔癀,1.8653,中国证券金融股份有限公司
600398.SH,海澜之家,1.0458,中国证券金融股份有限公司
600383.SH,金地集团,2.9948,中国证券金融股份有限公司
600362.SH,江西铜业,4.998,中国证券金融股份有限公司
600332.SH,白云山,3.3628,中国证券金融股份有限公司
600309.SH,万华化学,2.3361,中国证券金融股份有限公司
600276.SH,恒瑞医药,1.4955,中国证券金融股份有限公司
600219.SH,南山铝业,5.0328,中国证券金融股份有限公司
600177.SH,雅戈尔,5.4317,中国证券金融股份有限公司
600115.SH,中国东航,2.939,中国证券金融股份有限公司
600085.SH,同仁堂,2.992,中国证券金融股份有限公司
600061.SH,国投资本,2.99,中国证券金融股份有限公司
600036.SH,招商银行,2.5412,中国证券金融股份有限公司
600029.SH,南方航空,2.5288,中国证券金融股份有限公司
600018.SH,上港集团,2.9865,中国证券金融股份有限公司
600011.SH,华能国际,4.2459,中国证券金融股份有限公司
600010.SH,包钢股份,2.4367,中国证券金融股份有限公司
300498.SZ,温氏股份,1.2812,中国证券金融股份有限公司
300408.SZ,三环集团,1.4709,中国证券金融股份有限公司
300033.SZ,同花顺,2.1527,中国证券金融股份有限公司
002736.SZ,国信证券,0.8216,中国证券金融股份有限公司
002466.SZ,天齐锂业,1.8867,中国证券金融股份有限公司
002304.SZ,洋河股份,0.9177,中国证券金融股份有限公司
002241.SZ,歌尔股份,2.7589,中国证券金融股份有限公司
002236.SZ,大华股份,1.8853,中国证券金融股份有限公司
002202.SZ,金风科技,0.8798,中国证券金融股份有限公司
002008.SZ,大族激光,2.074,中国证券金融股份有限公司
002007.SZ,华兰生物,3.4455,中国证券金融股份有限公司
001979.SZ,招商蛇口,0.8132,中国证券金融股份有限公司
000963.SZ,华东医药,1.2672,中国证券金融股份有限公司
000876.SZ,新希望,2.7839,中国证券金融股份有限公司
000786.SZ,北新建材,0.5164,中国证券金融股份有限公司
000776.SZ,广发证券,3.8496,中国证券金融股份有限公司
000768.SZ,中航西飞,3.363,中国证券金融股份有限公司
000651.SZ,格力电器,3.2436,中国证券金融股份有限公司
000625.SZ,长安汽车,5.1917,中国证券金融股份有限公司
000425.SZ,徐工机械,2.0557,中国证券金融股份有限公司
000338.SZ,潍柴动力,3.2925,中国证券金融股份有限公司
000157.SZ,中联重科,3.296,中国证券金融股份有限公司
000100.SZ,TCL科技,2.2685,中国证券金融股份有限公司
000069.SZ,华侨城A,3.5579,中国证券金融股份有限公司
000001.SZ,平安银行,2.2119,中国证券金融股份有限公司
601998.SH,中信银行,0.692,中央汇金资产管理有限责任公司
601998.SH,中信银行,2.6394,中国证券金融股份有限公司
601989.SH,中国重工,1.1642,中央汇金资产管理有限责任公司
601989.SH,中国重工,1.7451,中国证券金融股份有限公司
601988.SH,中国银行,0.8588,中央汇金资产管理有限责任公司
601988.SH,中国银行,3.7678,中国证券金融股份有限公司
601988.SH,中国银行,89.5744,中央汇金投资有限责任公司
601939.SH,建设银行,5.1768,中央汇金资产管理有限责任公司
601939.SH,建设银行,22.8199,中国证券金融股份有限公司
601901.SH,方正证券,1.6493,中央汇金资产管理有限责任公司
601901.SH,方正证券,1.6941,中国证券金融股份有限公司
601898.SH,中煤能源,0.7184,中央汇金资产管理有限责任公司
601898.SH,中煤能源,3.6672,中国证券金融股份有限公司
601888.SH,中国中免,0.6068,中央汇金资产管理有限责任公司
601888.SH,中国中免,2.9933,中国证券金融股份有限公司
601868.SH,中国能建,0.9454,中央汇金资产管理有限责任公司
601868.SH,中国能建,1.8915,中国证券金融股份有限公司
601857.SH,中国石油,0.1246,中央汇金资产管理有限责任公司
601857.SH,中国石油,0.63,中国证券金融股份有限公司
601800.SH,中国交建,0.8171,中央汇金资产管理有限责任公司
601800.SH,中国交建,4.1188,中国证券金融股份有限公司
601766.SH,中国中车,1.2252,中央汇金资产管理有限责任公司
601766.SH,中国中车,2.4896,中国证券金融股份有限公司
601669.SH,中国电建,0.84,中央汇金资产管理有限责任公司
601669.SH,中国电建,3.3108,中国证券金融股份有限公司
601668.SH,中国建筑,1.4117,中央汇金资产管理有限责任公司
601668.SH,中国建筑,3.0452,中国证券金融股份有限公司
601628.SH,中国人寿,0.5627,中央汇金资产管理有限责任公司
601628.SH,中国人寿,3.4012,中国证券金融股份有限公司
601398.SH,工商银行,0.3761,中央汇金资产管理有限责任公司
601398.SH,工商银行,0.8962,中国证券金融股份有限公司
601398.SH,工商银行,45.9937,中央汇金投资有限责任公司
601390.SH,中国中铁,1.1285,中央汇金资产管理有限责任公司
601390.SH,中国中铁,3.0327,中国证券金融股份有限公司
601336.SH,新华保险,1.3546,中央汇金资产管理有限责任公司
601336.SH,新华保险,4.4757,中国证券金融股份有限公司
601336.SH,新华保险,46.8741,中央汇金投资有限责任公司
601318.SH,中国平安,4.3698,中央汇金资产管理有限责任公司
601318.SH,中国平安,5.0867,中国证券金融股份有限公司
601288.SH,农业银行,0.3933,中央汇金资产管理有限责任公司
601288.SH,农业银行,0.5772,中国证券金融股份有限公司
601288.SH,农业银行,44.0067,中央汇金投资有限责任公司
601186.SH,中国铁建,1.2042,中央汇金资产管理有限责任公司
601186.SH,中国铁建,2.8087,中国证券金融股份有限公司
601088.SH,中国神华,0.6432,中央汇金资产管理有限责任公司
601088.SH,中国神华,3.6063,中国证券金融股份有限公司
601018.SH,宁波港,0.3967,中央汇金资产管理有限责任公司
601018.SH,宁波港,0.7294,中国证券金融股份有限公司
601006.SH,大秦铁路,1.0949,中央汇金资产管理有限责任公司
601006.SH,大秦铁路,1.0927,中国证券金融股份有限公司
600795.SH,国电电力,1.1739,中央汇金资产管理有限责任公司
600795.SH,国电电力,5.0289,中国证券金融股份有限公司
600674.SH,川投能源,0.9511,中央汇金资产管理有限责任公司
600674.SH,川投能源,2.3543,中国证券金融股份有限公司
600663.SH,陆家嘴,0.6727,中央汇金资产管理有限责任公司
600663.SH,陆家嘴,0.5698,中国证券金融股份有限公司
600585.SH,海螺水泥,1.7193,中央汇金资产管理有限责任公司
600585.SH,海螺水泥,3.968,中国证券金融股份有限公司
600519.SH,贵州茅台,0.8277,中央汇金资产管理有限责任公司
600519.SH,贵州茅台,0.64,中国证券金融股份有限公司
600406.SH,国电南瑞,0.957,中央汇金资产管理有限责任公司
600406.SH,国电南瑞,2.9726,中国证券金融股份有限公司
600104.SH,上汽集团,0.8517,中央汇金资产管理有限责任公司
600104.SH,上汽集团,3.0217,中国证券金融股份有限公司
600048.SH,保利发展,1.4688,中央汇金资产管理有限责任公司
600048.SH,保利发展,2.9835,中国证券金融股份有限公司
600031.SH,三一重工,0.7589,中央汇金资产管理有限责任公司
600031.SH,三一重工,2.7569,中国证券金融股份有限公司
600028.SH,中国石化,0.3319,中央汇金资产管理有限责任公司
600028.SH,中国石化,2.4485,中国证券金融股份有限公司
600027.SH,华电国际,0.896,中央汇金资产管理有限责任公司
600027.SH,华电国际,2.8717,中国证券金融股份有限公司
600019.SH,宝钢股份,0.8698,中央汇金资产管理有限责任公司
600019.SH,宝钢股份,3.0497,中国证券金融股份有限公司
600015.SH,华夏银行,1.0616,中央汇金资产管理有限责任公司
600015.SH,华夏银行,1.3092,中国证券金融股份有限公司
600009.SH,上海机场,0.9767,中央汇金资产管理有限责任公司
600009.SH,上海机场,2.99,中国证券金融股份有限公司
600000.SH,浦发银行,1.3191,中央汇金资产管理有限责任公司
600000.SH,浦发银行,4.0171,中国证券金融股份有限公司
002475.SZ,立讯精密,0.8051,中央汇金资产管理有限责任公司
002475.SZ,立讯精密,1.1711,中国证券金融股份有限公司
000895.SZ,双汇发展,0.8921,中央汇金资产管理有限责任公司
000895.SZ,双汇发展,1.6735,中国证券金融股份有限公司
000858.SZ,五粮液,1.0131,中央汇金资产管理有限责任公司
000858.SZ,五粮液,2.3801,中国证券金融股份有限公司
000568.SZ,泸州老窖,0.9229,中央汇金资产管理有限责任公司
000568.SZ,泸州老窖,2.3066,中国证券金融股份有限公司
000538.SZ,云南白药,0.9392,中央汇金资产管理有限责任公司
000538.SZ,云南白药,2.1122,中国证券金融股份有限公司
000333.SZ,美的集团,1.2829,中央汇金资产管理有限责任公司
000333.SZ,美的集团,2.88,中国证券金融股份有限公司
000166.SZ,申万宏源,0.8759,中央汇金资产管理有限责任公司
000166.SZ,申万宏源,2.8187,中国证券金融股份有限公司
000166.SZ,申万宏源,22.2786,中央汇金投资有限责任公司
000002.SZ,万科A,1.9088,中央汇金资产管理有限责任公司
000002.SZ,万科A,1.3653,中国证券金融股份有限公司
688768.SH,容知日新,2.5534,基本养老保险基金2101组合
688717.SH,艾罗能源,4.7316,基本养老保险基金1202组合
688677.SH,海泰新光,4.1776,基本养老保险基金802组合
688652.SH,京仪装备,2.7772,基本养老保险基金1206组合
688631.SH,莱斯信息,2.7104,基本养老保险基金16052组合
688631.SH,莱斯信息,1.4153,基本养老保险基金16051组合
688621.SH,阳光诺和,3.2437,基本养老保险基金16022组合
688610.SH,埃科光电,1.2483,基本养老保险基金2005组合
688610.SH,埃科光电,3.1231,基本养老保险基金2101组合
688597.SH,煜邦电力,2.2055,基本养老保险基金1003组合
688582.SH,芯动联科,2.7328,基本养老保险基金2101组合
688539.SH,高华科技,2.0428,基本养老保险基金1203组合
688439.SH,振华风光,2.8833,基本养老保险基金15022组合
688389.SH,普门科技,3.0347,基本养老保险基金16022组合
688389.SH,普门科技,1.7506,基本养老保险基金16021组合
688349.SH,三一重能,2.6997,基本养老保险基金805组合
688349.SH,三一重能,2.0064,基本养老保险基金2105组合
688332.SH,中科蓝讯,1.3443,基本养老保险基金16011组合
688290.SH,景业智能,3.0557,基本养老保险基金2101组合
688269.SH,凯立新材,1.5276,基本养老保险基金16032组合
688253.SH,英诺特,1.7915,基本养老保险基金1906组合
688239.SH,航宇科技,1.3829,基本养老保险基金1205组合
688212.SH,澳华内镜,2.7789,基本养老保险基金16032组合
688192.SH,迪哲医药,1.9808,基本养老保险基金16052组合
688143.SH,长盈通,1.6457,基本养老保险基金2101组合
688131.SH,皓元医药,1.4286,基本养老保险基金16052组合
688112.SH,鼎阳科技,1.7969,基本养老保险基金1205组合
688029.SH,南微医学,1.5536,基本养老保险基金802组合
605338.SH,巴比食品,2.4536,基本养老保险基金1001组合
605183.SH,确成股份,4.1895,基本养老保险基金802组合
605117.SH,德业股份,0.6102,基本养老保险基金1202组合
605090.SH,九丰能源,1.4523,基本养老保险基金804组合
605090.SH,九丰能源,1.6004,基本养老保险基金808组合
603997.SH,继峰股份,1.3554,基本养老保险基金805组合
603997.SH,继峰股份,1.1308,基本养老保险基金2105组合
603989.SH,艾华集团,1.4958,基本养老保险基金802组合
603989.SH,艾华集团,0.7964,基本养老保险基金1201组合
603915.SH,国茂股份,0.579,基本养老保险基金16041组合
603878.SH,武进不锈,1.7823,基本养老保险基金1001组合
603712.SH,七一二,0.8476,基本养老保险基金804组合
603689.SH,皖天然气,0.3382,基本养老保险基金903组合
603678.SH,火炬电子,1.3975,基本养老保险基金16032组合
603588.SH,高能环境,0.9967,基本养老保险基金808组合
603583.SH,捷昌驱动,1.4743,基本养老保险基金16052组合
603507.SH,振江股份,1.1238,基本养老保险基金1204组合
603444.SH,吉比特,0.8607,基本养老保险基金1006组合
603379.SH,三美股份,1.1311,基本养老保险基金1205组合
603368.SH,柳药集团,0.8397,基本养老保险基金808组合
603345.SH,安井食品,1.5868,基本养老保险基金802组合
603218.SH,日月股份,0.3253,基本养老保险基金804组合
603199.SH,九华旅游,0.8025,基本养老保险基金2004组合
603187.SH,海容冷链,1.2191,基本养老保险基金1002组合
603181.SH,皇马科技,3.3687,基本养老保险基金15011组合
603165.SH,荣晟环保,0.8979,基本养老保险基金1001组合
603129.SH,春风动力,2.8726,基本养老保险基金16022组合
603129.SH,春风动力,1.5854,基本养老保险基金16021组合
603128.SH,华贸物流,0.5959,基本养老保险基金15031组合
603128.SH,华贸物流,0.7999,基本养老保险基金808组合
603099.SH,长白山,0.4897,基本养老保险基金2004组合
603056.SH,德邦股份,0.8617,基本养老保险基金802组合
601966.SH,玲珑轮胎,0.5951,基本养老保险基金808组合
601877.SH,正泰电器,1.7218,基本养老保险基金802组合
601811.SH,新华文轩,0.4145,基本养老保险基金1003组合
601702.SH,华峰铝业,0.5826,基本养老保险基金1204组合
601677.SH,明泰铝业,3.9792,基本养老保险基金802组合
601500.SH,通用股份,1.2254,基本养老保险基金15041组合
601319.SH,中国人保,0.13,基本养老保险基金15022组合
601222.SH,林洋能源,0.9536,基本养老保险基金1206组合
601089.SH,福元医药,0.4247,基本养老保险基金903组合
601038.SH,一拖股份,0.5328,基本养老保险基金2103组合
601028.SH,玉龙股份,1.0268,基本养老保险基金1202组合
600997.SH,开滦股份,0.7662,基本养老保险基金1003组合
600993.SH,马应龙,1.57,基本养老保险基金807组合
600971.SH,恒源煤电,0.6206,基本养老保险基金1003组合
600968.SH,海油发展,0.3165,基本养老保险基金808组合
600956.SH,新天绿能,0.0951,基本养老保险基金1302组合
600933.SH,爱柯迪,1.4269,基本养老保险基金805组合
600885.SH,宏发股份,1.1054,基本养老保险基金802组合
600803.SH,新奥股份,0.8422,基本养老保险基金15022组合
600761.SH,安徽合力,1.1718,基本养老保险基金802组合
600641.SH,万业企业,0.7491,基本养老保险基金16061组合
600598.SH,北大荒,0.2924,基本养老保险基金1201组合
600511.SH,国药股份,1.1824,基本养老保险基金802组合
600507.SH,方大特钢,0.4148,基本养老保险基金1003组合
600486.SH,扬农化工,1.3667,基本养老保险基金807组合
600479.SH,千金药业,1.0457,基本养老保险基金1003组合
600479.SH,千金药业,1.2749,基本养老保险基金1002组合
600475.SH,华光环能,0.4908,基本养老保险基金1003组合
600456.SH,宝钛股份,2.4895,基本养老保险基金802组合
600456.SH,宝钛股份,0.3349,基本养老保险基金2107组合
600420.SH,国药现代,0.7272,基本养老保险基金802组合
600378.SH,昊华科技,1.4341,基本养老保险基金802组合
600323.SH,瀚蓝环境,1.4386,基本养老保险基金808组合
600285.SH,羚锐制药,1.5306,基本养老保险基金15022组合
600266.SH,城建发展,1.1629,基本养老保险基金1202组合
600125.SH,铁龙物流,0.6365,基本养老保险基金1002组合
301363.SZ,美好医疗,2.3081,基本养老保险基金1203组合
301328.SZ,维峰电子,1.524,基本养老保险基金1904组合
301261.SZ,恒工精密,1.1276,基本养老保险基金2101组合
301000.SZ,肇民科技,0.9107,基本养老保险基金1907组合
300980.SZ,祥源新材,1.748,基本养老保险基金1206组合
300856.SZ,科思股份,0.405,基本养老保险基金1908组合
300824.SZ,北鼎股份,1.0093,基本养老保险基金16041组合
300761.SZ,立华股份,1.342,基本养老保险基金15011组合
300757.SZ,罗博特科,1.1035,基本养老保险基金1203组合
300737.SZ,科顺股份,1.3346,基本养老保险基金1202组合
300685.SZ,艾德生物,1.1432,基本养老保险基金16032组合
300680.SZ,隆盛科技,1.7398,基本养老保险基金16011组合
300577.SZ,开润股份,1.5623,基本养老保险基金1205组合
300573.SZ,兴齐眼药,3.3026,基本养老保险基金16022组合
300573.SZ,兴齐眼药,2.7166,基本养老保险基金16021组合
300487.SZ,蓝晓科技,5.2612,基本养老保险基金16022组合
300487.SZ,蓝晓科技,2.6635,基本养老保险基金16021组合
300470.SZ,中密控股,3.727,基本养老保险基金802组合
300451.SZ,创业慧康,1.0104,基本养老保险基金1205组合
300395.SZ,菲利华,1.6993,基本养老保险基金802组合
300196.SZ,长海股份,1.6395,基本养老保险基金16032组合
300196.SZ,长海股份,4.1144,基本养老保险基金16031组合
300193.SZ,佳士科技,2.021,基本养老保险基金1003组合
300188.SZ,国投智能,0.7801,基本养老保险基金16052组合
300188.SZ,国投智能,0.38,基本养老保险基金16051组合
300174.SZ,元力股份,1.0562,基本养老保险基金804组合
300100.SZ,双林股份,0.3672,基本养老保险基金1907组合
002970.SZ,锐明技术,0.4056,基本养老保险基金903组合
002928.SZ,华夏航空,1.6446,基本养老保险基金16032组合
002879.SZ,长缆科技,3.6286,基本养老保险基金1003组合
002847.SZ,盐津铺子,1.2547,基本养老保险基金16032组合
002833.SZ,弘亚数控,5.8245,基本养老保险基金16032组合
002832.SZ,比音勒芬,1.9536,基本养老保险基金805组合
002831.SZ,裕同科技,1.223,基本养老保险基金2108组合
002791.SZ,坚朗五金,2.1773,基本养老保险基金16032组合
002746.SZ,仙坛股份,1.7927,基本养老保险基金15011组合
002746.SZ,仙坛股份,3.9616,基本养老保险基金1001组合
002737.SZ,葵花药业,2.2752,基本养老保险基金1001组合
002690.SZ,美亚光电,1.8372,基本养老保险基金802组合
002677.SZ,浙江美大,0.2977,基本养老保险基金1003组合
002674.SZ,兴业科技,1.283,基本养老保险基金1003组合
002655.SZ,共达电声,2.1688,基本养老保险基金1203组合
002643.SZ,万润股份,1.6736,基本养老保险基金16032组合
002643.SZ,万润股份,0.8928,基本养老保险基金16031组合
002595.SZ,豪迈科技,1.1397,基本养老保险基金15012组合
002568.SZ,百润股份,1.4669,基本养老保险基金16032组合
002557.SZ,洽洽食品,1.07,基本养老保险基金805组合
002557.SZ,洽洽食品,1.0409,基本养老保险基金2105组合
002531.SZ,天顺风能,0.844,基本养老保险基金1003组合
002531.SZ,天顺风能,0.9544,基本养老保险基金804组合
002487.SZ,大金重工,0.5476,基本养老保险基金1205组合
002463.SZ,沪电股份,0.4503,基本养老保险基金1202组合
002443.SZ,金洲管道,1.8476,基本养老保险基金1003组合
002401.SZ,中远海科,1.471,基本养老保险基金16052组合
002401.SZ,中远海科,0.8224,基本养老保险基金16051组合
002380.SZ,科远智慧,0.7107,基本养老保险基金903组合
002378.SZ,章源钨业,0.3933,基本养老保险基金1206组合
002378.SZ,章源钨业,0.5857,基本养老保险基金804组合
002367.SZ,康力电梯,0.7069,基本养老保险基金1003组合
002318.SZ,久立特材,1.3406,基本养老保险基金15011组合
002318.SZ,久立特材,2.0251,基本养老保险基金1001组合
002315.SZ,焦点科技,2.7692,基本养老保险基金1202组合
002281.SZ,光迅科技,0.3923,基本养老保险基金1205组合
002254.SZ,泰和新材,1.9453,基本养老保险基金16032组合
002254.SZ,泰和新材,1.056,基本养老保险基金16031组合
002223.SZ,鱼跃医疗,1.0317,基本养老保险基金802组合
002206.SZ,海利得,1.1853,基本养老保险基金1003组合
002180.SZ,纳思达,1.2407,基本养老保险基金1205组合
002126.SZ,银轮股份,4.4703,基本养老保险基金1003组合
002080.SZ,中材科技,0.2055,基本养老保险基金808组合
002063.SZ,远光软件,1.0634,基本养老保险基金808组合
002049.SZ,紫光国微,0.9219,基本养老保险基金802组合
002043.SZ,兔宝宝,1.5133,基本养老保险基金1001组合
002039.SZ,黔源电力,0.9618,基本养老保险基金1003组合
002025.SZ,航天电器,1.0764,基本养老保险基金1206组合
002011.SZ,盾安环境,3.083,基本养老保险基金802组合
002003.SZ,伟星股份,1.4428,基本养老保险基金805组合
002003.SZ,伟星股份,1.7869,基本养老保险基金2105组合
002003.SZ,伟星股份,1.7485,基本养老保险基金1001组合
001914.SZ,招商积余,1.2422,基本养老保险基金1003组合
001914.SZ,招商积余,1.7681,基本养老保险基金802组合
001696.SZ,宗申动力,0.6773,基本养老保险基金1006组合
001323.SZ,慕思股份,1.7999,基本养老保险基金807组合
001311.SZ,多利科技,0.8934,基本养老保险基金1204组合
001215.SZ,千味央厨,1.6061,基本养老保险基金1001组合
000935.SZ,四川双马,1.4387,基本养老保险基金1003组合
000852.SZ,石化机械,1.5122,基本养老保险基金2101组合
000830.SZ,鲁西化工,0.3814,基本养老保险基金1002组合
000778.SZ,新兴铸管,0.6406,基本养老保险基金1002组合
000761.SZ,本钢板材,0.2391,基本养老保险基金804组合
000739.SZ,普洛药业,0.8174,基本养老保险基金808组合
000700.SZ,模塑科技,0.3911,基本养老保险基金903组合
000683.SZ,远兴能源,1.3044,基本养老保险基金802组合
000672.SZ,上峰水泥,0.5158,基本养老保险基金1001组合
000657.SZ,中钨高新,0.5614,基本养老保险基金804组合
000582.SZ,北部湾港,0.508,基本养老保险基金1002组合
000581.SZ,威孚高科,0.8342,基本养老保险基金1003组合
000543.SZ,皖能电力,0.5821,基本养老保险基金1204组合
000403.SZ,派林生物,0.863,基本养老保险基金1205组合
000090.SZ,天健集团,0.6373,基本养老保险基金1003组合
000034.SZ,神州数码,0.7661,基本养老保险基金16052组合
603708.SH,家家悦,3.1563,基本养老保险基金1003组合
603708.SH,家家悦,0.8432,华夏基金-中央汇金资产管理有限责任公司-华夏基金-汇金资管单一资产管理计划
603328.SH,依顿电子,0.3162,基本养老保险基金903组合
603328.SH,依顿电子,0.8616,中央汇金资产管理有限责任公司
601158.SH,重庆水务,0.2079,基本养老保险基金1003组合
601158.SH,重庆水务,0.5498,中央汇金资产管理有限责任公司
600757.SH,长江传媒,0.9197,基本养老保险基金1002组合
600757.SH,长江传媒,2.4012,中央汇金资产管理有限责任公司
600422.SH,昆药集团,1.0568,基本养老保险基金16032组合
600422.SH,昆药集团,1.5608,中央汇金资产管理有限责任公司
600153.SH,建发股份,2.3162,基本养老保险基金1003组合
600153.SH,建发股份,0.7321,华夏基金-中央汇金资产管理有限责任公司-华夏基金-汇金资管单一资产管理计划
000600.SZ,建投能源,0.8345,基本养老保险基金1204组合
000600.SZ,建投能源,2.1644,中央汇金资产管理有限责任公司
000089.SZ,深圳机场,0.8654,基本养老保险基金1003组合
000089.SZ,深圳机场,0.6229,华夏基金-中央汇金资产管理有限责任公司-华夏基金-汇金资管单一资产管理计划
600741.SH,华域汽车,0.6096,基本养老保险基金808组合
600741.SH,华域汽车,2.9914,中国证券金融股份有限公司
600196.SH,复星医药,0.592,基本养老保险基金802组合
600196.SH,复星医药,1.8285,中国证券金融股份有限公司
688702.SH,盛科通信,39.8811,国家集成电路产业投资基金股份有限公司
688591.SH,泰凌微,13.1644,国家集成电路产业投资基金股份有限公司
688525.SH,佰维存储,11.9394,国家集成电路产业投资基金二期股份有限公司
688521.SH,芯原股份,7.0442,国家集成电路产业投资基金股份有限公司
688512.SH,慧智微,9.6783,国家集成电路产业投资基金二期股份有限公司
688508.SH,芯朋微,3.1854,国家集成电路产业投资基金股份有限公司
688396.SH,华润微,3.4452,国家集成电路产业投资基金股份有限公司
688262.SH,国芯科技,5.6569,国家集成电路产业投资基金股份有限公司
688213.SH,思特威,9.1975,国家集成电路产业投资基金二期股份有限公司
688182.SH,灿勤科技,6.3415,国家集成电路产业投资基金二期股份有限公司
688172.SH,燕东微,19.4617,国家集成电路产业投资基金股份有限公司
688172.SH,燕东微,2.9404,国家集成电路产业投资基金二期股份有限公司
688146.SH,中船特气,4.4566,国家集成电路产业投资基金二期股份有限公司
688126.SH,沪硅产业,20.8433,国家集成电路产业投资基金股份有限公司
688126.SH,沪硅产业,2.6472,国家集成电路产业投资基金二期股份有限公司
688035.SH,德邦科技,29.8682,国家集成电路产业投资基金股份有限公司
688019.SH,安集科技,2.7266,国家集成电路产业投资基金股份有限公司
688012.SH,中微公司,3.9337,国家集成电路产业投资基金二期股份有限公司
603893.SH,瑞芯微,3.4847,国家集成电路产业投资基金股份有限公司
600703.SH,三安光电,2.2796,国家集成电路产业投资基金股份有限公司
600584.SH,长电科技,13.2388,国家集成电路产业投资基金股份有限公司
600460.SH,士兰微,4.1637,国家集成电路产业投资基金股份有限公司
600460.SH,士兰微,3.7243,国家集成电路产业投资基金二期股份有限公司
301308.SZ,江波龙,22.195,国家集成电路产业投资基金股份有限公司
301269.SZ,华大九天,18.3716,国家集成电路产业投资基金股份有限公司
301095.SZ,广立微,3.2125,国家集成电路产业投资基金二期股份有限公司
300672.SZ,国科微,7.9274,国家集成电路产业投资基金股份有限公司
300604.SZ,长川科技,5.1997,国家集成电路产业投资基金股份有限公司
300474.SZ,景嘉微,8.5124,国家集成电路产业投资基金股份有限公司
300456.SZ,赛微电子,12.4148,国家集成电路产业投资基金股份有限公司
002409.SZ,雅克科技,3.9181,国家集成电路产业投资基金股份有限公司
002371.SZ,北方华创,5.3951,国家集成电路产业投资基金股份有限公司
002371.SZ,北方华创,0.9263,国家集成电路产业投资基金二期股份有限公司
002185.SZ,华天科技,3.2123,国家集成电路产业投资基金二期股份有限公司
002156.SZ,通富微电,11.2571,国家集成电路产业投资基金股份有限公司
002156.SZ,通富微电,1.3523,国家集成电路产业投资基金二期股份有限公司
002151.SZ,北斗星通,6.155,国家集成电路产业投资基金股份有限公司
001287.SZ,中电港,18.4708,国家集成电路产业投资基金股份有限公司
688107.SH,安路科技,1.0117,基本养老保险基金16041组合
688107.SH,安路科技,16.1415,国家集成电路产业投资基金股份有限公司
002916.SZ,深南电路,0.4093,基本养老保险基金1205组合
002916.SZ,深南电路,0.5457,国家集成电路产业投资基金二期股份有限公司
