,brand,model,name
0,新大洲本田,威胜SDH100-42,新大洲本田 威胜SDH100-42
1,五羊本田,锋驰青春版110,五羊本田 锋驰青春版110
2,建设雅马哈,易发E8,建设雅马哈 易发E8
3,豪爵铃木,FW110,豪爵铃木 FW110
4,五羊本田,新锋影WY125-S,五羊本田 新锋影WY125-S
5,新大洲本田,新威武SDH110-19,新大洲本田 新威武SDH110-19
6,新大洲本田,自主威武,新大洲本田 自主威武
7,新大洲本田,飘悦SDH110-16,新大洲本田 飘悦SDH110-16
8,新大洲本田,CB125S,新大洲本田 CB125S
9,新大洲本田,威猛SDH125-42,新大洲本田 威猛SDH125-42
10,林海,福禧100,林海 福禧100
11,新大洲本田,Dio,新大洲本田 Dio
12,新大洲本田,Wave110,新大洲本田 Wave110
13,新大洲本田,威武110S,新大洲本田 威武110S
14,建设雅马哈,福禧X,建设雅马哈 福禧X
15,济南铃木,丽梦125,济南铃木 丽梦125
16,五羊本田,SCR 喜鲨125,五羊本田 SCR 喜鲨125
17,新大洲本田,战龙,新大洲本田 战龙
18,济南铃木,瑞梦 UM125,济南铃木 瑞梦 UM125
19,五羊本田,SCR 喜蕴100,五羊本田 SCR 喜蕴100
20,宗申比亚乔,特洛伊BYQ125-10,宗申比亚乔 特洛伊BYQ125-10
21,济南铃木,赛胜QS110-4,济南铃木 赛胜QS110-4
22,济南铃木,胜歌110,济南铃木 胜歌110
23,建设雅马哈,凌骏T115,建设雅马哈 凌骏T115
0,新大洲本田,NS125D,新大洲本田 NS125D
1,五羊本田,小火箭125,五羊本田 小火箭125
2,济南铃木,新铃木王GS125 经典款,济南铃木 新铃木王GS125 经典款
3,济南铃木,骏驰GT125X,济南铃木 骏驰GT125X
4,豪爵铃木,GN125-2F,豪爵铃木 GN125-2F
5,五羊本田,凯影125,五羊本田 凯影125
6,五羊本田,CG125,五羊本田 CG125
7,五羊本田,NB-X125,五羊本田 NB-X125
8,五羊本田,威领150,五羊本田 威领150
9,飞鹰,FY100T-8B,飞鹰 FY100T-8B
10,新大洲本田,超级战龙,新大洲本田 超级战龙
11,五羊本田,锋翔 125,五羊本田 锋翔 125
12,新大洲本田,CBF125T,新大洲本田 CBF125T
13,济南铃木,Let's小海豚,济南铃木 Let's小海豚
14,建设雅马哈,巧格i,建设雅马哈 巧格i
15,五羊本田,领御125,五羊本田 领御125
16,建设雅马哈,旭鹰125,建设雅马哈 旭鹰125
17,五羊本田,SCR 喜悦100,五羊本田 SCR 喜悦100
18,力帆,KPF150,力帆 KPF150
19,五羊本田,锋帅125,五羊本田 锋帅125
20,五羊本田,Spacy 125,五羊本田 Spacy 125
21,五羊本田,悍影 150,五羊本田 悍影 150
22,新大洲本田,E韵 110 Fi,新大洲本田 E韵 110 Fi
23,济南铃木,优友 UU125i,济南铃木 优友 UU125i
0,五羊本田,Tapas 塔帕100,五羊本田 Tapas 塔帕100
1,济南铃木,QS150悍骏,济南铃木 QS150悍骏
2,济南铃木,悍道150,济南铃木 悍道150
3,五羊本田,佳颖125,五羊本田 佳颖125
4,新大洲本田,CBX150,新大洲本田 CBX150
5,豪爵铃木,锐爽EN125-3E,豪爵铃木 锐爽EN125-3E
6,五羊本田,新优酷 110,五羊本田 新优酷 110
7,五羊本田,Cruising 御鲨125,五羊本田 Cruising 御鲨125
8,五羊本田,BEEZ 蜂鸣100,五羊本田 BEEZ 蜂鸣100
9,五羊本田,Spacy 优酷110+,五羊本田 Spacy 优酷110+
10,济南铃木,优驿 UE125T,济南铃木 优驿 UE125T
11,五羊本田,新锋翼125,五羊本田 新锋翼125
12,建设雅马哈,天剑动力版 YBR 150 Z,建设雅马哈 天剑动力版 YBR 150 Z
13,五羊本田,SCR 喜悦110,五羊本田 SCR 喜悦110
14,新大洲本田,NS110L,新大洲本田 NS110L
15,新大洲本田,飞梦Fi,新大洲本田 飞梦Fi
16,建设雅马哈,赛鹰GT,建设雅马哈 赛鹰GT
17,济南铃木,酷飚150,济南铃木 酷飚150
18,五羊本田,Spacy 雅志110,五羊本田 Spacy 雅志110
19,标致,Kisbee100 SportLine,标致 Kisbee100 SportLine
20,新大洲本田,E影110 FI,新大洲本田 E影110 FI
21,新大洲本田,SDH125T-29,新大洲本田 SDH125T-29
22,五羊本田,锋领150,五羊本田 锋领150
23,新大洲本田,NS125T,新大洲本田 NS125T
0,建设雅马哈,福禧125,建设雅马哈 福禧125
1,宗申比亚乔,ZIP 50,宗申比亚乔 ZIP 50
2,建设雅马哈,迅鹰,建设雅马哈 迅鹰
3,建设雅马哈,福颖125,建设雅马哈 福颖125
4,五羊本田,CB150S雄帅,五羊本田 CB150S雄帅
5,新大洲本田,NS110Q,新大洲本田 NS110Q
6,济南铃木,UY125,济南铃木 UY125
7,新大洲本田,CBF125R,新大洲本田 CBF125R
8,建设雅马哈,天剑,建设雅马哈 天剑
9,五羊本田,NX125,五羊本田 NX125
10,五羊本田,优悦110,五羊本田 优悦110
11,新大洲本田,EX125,新大洲本田 EX125
12,五羊本田,帅影150,五羊本田 帅影150
13,豪爵,TR150/S HJ150-16/A,豪爵 TR150/S HJ150-16/A
14,新大洲本田,战驭150L,新大洲本田 战驭150L
15,新大洲本田,裂行 RX125Fi,新大洲本田 裂行 RX125Fi
16,新大洲本田,NS110i Fi,新大洲本田 NS110i Fi
17,雅马哈,TTR50,雅马哈 TTR50
18,五羊本田,NW F125,五羊本田 NW F125
19,五羊本田,NCR125,五羊本田 NCR125
20,五羊本田,Spacy 睿镁110,五羊本田 Spacy 睿镁110
21,新大洲本田,NS110R,新大洲本田 NS110R
22,新大洲本田,CBF150R,新大洲本田 CBF150R
23,五羊本田,Spacyα 睿御110,五羊本田 Spacyα 睿御110
0,五羊本田,Stream 幻鲨125,五羊本田 Stream 幻鲨125
1,宗申比亚乔,都市印象 CityPard,宗申比亚乔 都市印象 CityPard
2,新大洲本田,SDH110T-3,新大洲本田 SDH110T-3
3,新大洲本田,SDH125T-31,新大洲本田 SDH125T-31
4,五羊本田,LD125 LINK,五羊本田 LD125 LINK
5,建设雅马哈,巡鹰125,建设雅马哈 巡鹰125
6,五羊本田,Spacy 睿影110,五羊本田 Spacy 睿影110
7,五羊本田,CB190R 暴锋眼,五羊本田 CB190R 暴锋眼
8,标致,Vivacity125 复古版,标致 Vivacity125 复古版
9,建设雅马哈,飞致YS150,建设雅马哈 飞致YS150
10,新大洲本田,NS125LA,新大洲本田 NS125LA
11,骁胜HYOSUNG,奥罗拉150,骁胜HYOSUNG 奥罗拉150
12,新大洲本田,NS125RX,新大洲本田 NS125RX
13,新大洲本田,战神,新大洲本田 战神
14,济南铃木,极客飒 Gixxer 155 NK,济南铃木 极客飒 Gixxer 155 NK
15,标致,SpeedFight125,标致 SpeedFight125
16,五羊本田,SCR110 佳御,五羊本田 SCR110 佳御
17,五羊本田,NSP,五羊本田 NSP
18,济南铃木,极客飒 Gixxer 155,济南铃木 极客飒 Gixxer 155
19,本田WING,Cross Cub,本田WING Cross Cub
20,五羊本田,RR150 幻影,五羊本田 RR150 幻影
21,建设雅马哈,GT150 Fazer,建设雅马哈 GT150 Fazer
22,标致,Django Classic,标致 Django Classic
23,标致,SpeedFight 4+,标致 SpeedFight 4+
0,宗申阿普利亚,SR 150,宗申阿普利亚 SR 150
1,宗申比亚乔,CITY FLY 150,宗申比亚乔 CITY FLY 150
2,骁胜HYOSUNG,U侠 大脚攀爬者,骁胜HYOSUNG U侠 大脚攀爬者
3,五羊本田,猛鸷 CB190X,五羊本田 猛鸷 CB190X
4,五羊本田,鸷道 CB190SS,五羊本田 鸷道 CB190SS
5,宗申阿普利亚,RA1,宗申阿普利亚 RA1
6,新大洲本田,CBF190X,新大洲本田 CBF190X
7,济南铃木,酷道,济南铃木 酷道
8,宗申阿普利亚,Cafe 150,宗申阿普利亚 Cafe 150
9,新大洲本田,CBF190R,新大洲本田 CBF190R
10,宗申阿普利亚,Terra 150,宗申阿普利亚 Terra 150
11,本田WING,Lead125,本田WING Lead125
12,新大洲本田,CBF190TR,新大洲本田 CBF190TR
13,阿普利亚,APR150-5A,阿普利亚 APR150-5A
14,新大洲本田,CRF190L,新大洲本田 CRF190L
15,骁胜HYOSUNG,GV300S,骁胜HYOSUNG GV300S
16,骁胜HYOSUNG,U侠 N.P.J,骁胜HYOSUNG U侠 N.P.J
17,骁胜HYOSUNG,U侠 Black 7,骁胜HYOSUNG U侠 Black 7
18,建设雅马哈,飞致YS250,建设雅马哈 飞致YS250
19,宗申阿普利亚,GPR125,宗申阿普利亚 GPR125
20,宗申阿普利亚,GPR150R,宗申阿普利亚 GPR150R
21,宗申比亚乔,X7,宗申比亚乔 X7
22,骁胜HYOSUNG,坦影,骁胜HYOSUNG 坦影
23,建设雅马哈,天剑王JYM250,建设雅马哈 天剑王JYM250
0,豪爵铃木,骊驰 GW250,豪爵铃木 骊驰 GW250
1,豪爵铃木,DL250,豪爵铃木 DL250
2,豪爵铃木,GSX250R,豪爵铃木 GSX250R
3,宗申阿普利亚,Pagani 150,宗申阿普利亚 Pagani 150
4,ADIVA,Fortune 150,ADIVA Fortune 150
5,骁胜HYOSUNG,GV125S,骁胜HYOSUNG GV125S
6,宗申阿普利亚,GPR250S,宗申阿普利亚 GPR250S
7,骁胜HYOSUNG,驯风300,骁胜HYOSUNG 驯风300
8,标致,Django EVO,标致 Django EVO
9,宗申阿普利亚,GPR250R,宗申阿普利亚 GPR250R
10,五羊本田,PCX,五羊本田 PCX
11,新大洲本田,PCX,新大洲本田 PCX
12,豪爵铃木,骊驰 GW 250F,豪爵铃木 骊驰 GW 250F
13,豪爵铃木,骊驰 GW 250S,豪爵铃木 骊驰 GW 250S
14,标致,城市之星 CityStar 200,标致 城市之星 CityStar 200
15,骁胜HYOSUNG,GV250DR,骁胜HYOSUNG GV250DR
16,宗申阿普利亚,SR Max 250,宗申阿普利亚 SR Max 250
17,ADIVA,AD1 200,ADIVA AD1 200
18,本田WING,CM300,本田WING CM300
19,ADIVA,AJ 201,ADIVA AJ 201
20,意塔杰特ITALJET,Dragster 300,意塔杰特ITALJET Dragster 300
21,意塔杰特ITALJET,Dragster 200,意塔杰特ITALJET Dragster 200
22,本田WING,CB400F,本田WING CB400F
23,哈雷戴维森,X 350,哈雷戴维森 X 350
0,本田WING,CL300,本田WING CL300
1,本田WING,NX400,本田WING NX400
2,本田WING,CBR400R,本田WING CBR400R
3,骁胜HYOSUNG,GV650巡风,骁胜HYOSUNG GV650巡风
4,宗申阿普利亚,SR Max 300,宗申阿普利亚 SR Max 300
5,本田WING,CB400X,本田WING CB400X
6,哈雷戴维森,X 500,哈雷戴维森 X 500
7,SWM,SM 500,SWM SM 500
8,本田WING,NSS350,本田WING NSS350
9,标致,XP400,标致 XP400
10,KTMR2R,250 SX-F,KTMR2R 250 SX-F
11,KTMR2R,790 Duke,KTMR2R 790 Duke
12,KTMR2R,790 Adventure,KTMR2R 790 Adventure
13,天鹰,Vertigo 300,天鹰 Vertigo 300
14,HUSQVARNA,TE 250,HUSQVARNA TE 250
15,KTMR2R,300 EXC TPI,KTMR2R 300 EXC TPI
16,HUSQVARNA,FE 250,HUSQVARNA FE 250
17,KTMR2R,350 EXC-F,KTMR2R 350 EXC-F
18,KTMR2R,890 Duke,KTMR2R 890 Duke
19,KTMR2R,450 EXC-F,KTMR2R 450 EXC-F
