证券代码,证券名称,流通市值,总市值,最新价,涨跌幅,振幅,成交额,换手率,market,一级行业,二级行业,三级行业,sector,industry,en_name,异动值
CAR,卡柯洛,8.81,0.08810000000000001,12.0,61.62,31.65,0.001,1.19,uk,制造业,机械,综合制造,Producer Manufacturing,Miscellaneous Manufacturing,CARCLO,0.11528672058663623
DARK,DARKTRACE,4325.42,43.2542,617.6,19.46,21.59,0.7495,1.78,uk,科技,IT技术,信息技术,Technology Services,Information Technology Services,DARKTRACE,5.340689712070909
PALM,PANTHER METALS,5.01,0.0501,5.4,8.0,0.0,0.0001,0.12,uk,资源,矿产,贵金属,Non-Energy Minerals,Precious Metals,PANTHER METALS,0.0008913703870754099
REC,RECORD,129.39,1.2938999999999998,65.0,5.86,2.93,0.0016,0.12,uk,金融,资产管理,金融集团,Finance,Financial Conglomerates,RECORD,0.005348772187922629
BRES,BLENCOWE RESOURCES,10.86,0.10859999999999999,5.0,5.26,4.21,0.0002,0.2,uk,资源,矿产,其他金属,Non-Energy Minerals,Other Metals/Minerals,BLENCOWE RESOURCES,0.000955255360599142
CLIG,伦敦城市投资集团,81.0,0.81,342.0,5.23,0.0,0.0001,0.01,uk,金融,资产管理,投资信托,Miscellaneous,Investment Trusts/Mutual Funds,CITY OF LONDON INVESTMENT,0.00032805306253202445
ALTN,ALTYNGOLD,36.9,0.369,135.0,5.06,0.0,0.0001,0.02,uk,资源,矿产,贵金属,Non-Energy Minerals,Precious Metals,ALTYNGOLD,0.00037987168942401066
RE.,R.E.A.,35.05,0.3505,80.0,4.92,1.97,0.0001,0.03,uk,制造业,化工,农产品,Process Industries,Agricultural Commodities/Milling,R.E.A. HLDGS,0.00036909721926805936
ABDN,ABRDN,2724.3,27.243000000000002,148.0,4.85,3.4,0.02,0.07,uk,金融,资产管理,投资经理,Finance,Investment Managers,ABRDN,0.021676668684807637
ITM,ITM POWER,323.25,3.2325,52.4,4.8,6.7,0.0058,0.18,uk,制造业,机械,电力设备,Producer Manufacturing,Electrical Products,ITM POWER,0.017456566474892982
SYME,SUPPLY ME CAPITAL,15.92,0.1592,0.026,4.0,0.0,0.0001,0.06,uk,科技,IT技术,软件开发,Technology Services,Packaged Software,SUPPLY@ME CAPITAL,0.00031231986159396135
IQG,IQGEO,257.93,2.5793,418.0,3.98,0.0,0.0008,0.03,uk,科技,IT技术,软件开发,Technology Services,Packaged Software,IQGEO,0.001251461365884659
TIG,TEAM INTERNET,367.59,3.6759,141.8,3.96,0.0,0.0001,0.0,uk,消费,商业服务,广告营销,Commercial Services,Advertising/Marketing Services,TEAM INTERNET,0.0001389881028255212
GLE,MJ GLEESON,300.67,3.0067000000000004,515.0,3.83,0.0,0.0001,0.0,uk,制造业,建筑业,住宅建筑,Consumer Durables,Homebuilding,M J GLEESON,0.00014109723396449507
BPT,BRIDGEPOINT,1812.7,18.127,228.2,3.82,4.28,0.001,0.01,uk,金融,资产管理,投资经理,Finance,Investment Managers,BRIDGEPOINT,0.000998649027445106
ELM,海名斯,833.54,8.3354,141.8,3.81,0.0,0.0003,0.0,uk,制造业,化工,特殊化学品,Process Industries,Chemicals: Specialty,ELEMENTIS,0.0003102446289165473
CHRY,CHRYSALIS INVESTMENTS LIMITED O,472.87,4.7287,82.6,3.77,4.27,0.0037,0.08,uk,金融,资产管理,投资经理,Finance,Investment Managers,CHRYSALIS INVESTMENTS,0.005299998654304743
DEC,DIVERSIFIED ENERGY COMPANY,538.61,5.3861,1133.0,3.75,5.22,0.0138,0.26,uk,资源,能源,油气生产,Energy Minerals,Oil & Gas Production,DIVERSIFIED ENERGY COMPANY,0.025205711306968685
GROW,MOLTEN VENTURES,465.05,4.6505,246.0,3.58,8.0,0.0019,0.04,uk,金融,资产管理,投资银行,Finance,Investment Banks/Brokers,MOLTEN VENTURES,0.006502791636789881
S32,SOUTH32 LIMITED,7948.85,79.4885,175.5,3.48,5.19,0.0038,0.0,uk,资源,矿产,其他金属,Non-Energy Minerals,Other Metals/Minerals,SOUTH32(DI),0.003647171108915085
NWG,NATWEST,26127.19,261.27189999999996,299.5,3.35,2.97,0.20489999999999997,0.08,uk,金融,银行,主要银行,Finance,Major Banks,NATWEST,0.0866934223221347
IKA,ILIKA,49.28,0.4928,31.0,3.33,1.67,0.0009,0.19,uk,制造业,机械,电力设备,Producer Manufacturing,Electrical Products,ILIKA,0.0017705945188815173
IQE,IQE,272.13,2.7213,28.3,3.28,4.56,0.001,0.04,uk,制造业,机械,机械加工设备,Producer Manufacturing,Industrial Machinery,IQE,0.0018645840474393542
OCN,OCEAN WILSONS (HOLDINGS) LD,502.16,5.0216,1420.0,3.27,0.0,0.0001,0.0,uk,制造业,运输,海运,Transportation,Marine Shipping,OCEAN WILSONS,9.60145004018718e-05
WPM,惠顿贵金属,19219.74,192.19740000000002,4240.0,3.16,0.0,0.0002,0.0,uk,资源,矿产,贵金属,Non-Energy Minerals,Precious Metals,WHEATON PRECIOUS METALS CORP COM(CDI),8.154581558718433e-05
FTC,FILTRONIC,106.39,1.0639,49.0,3.16,0.0,0.0009,0.09,uk,科技,通信,通信设备,Electronic Technology,Telecommunications Equipment,FILTRONIC,0.0013327794306838884
LSL,LSL PROPERTY SERVICES,306.75,3.0675,295.0,3.15,2.8,0.0001,0.0,uk,金融,房地产,房地产开发,Finance,Real Estate Development,LSL PROPERTY SERVICES,0.00010578962753850014
SFOR,S4 CAPITAL,296.83,2.9682999999999997,51.4,3.13,6.42,0.0014000000000000002,0.05,uk,消费,商业服务,广告营销,Commercial Services,Advertising/Marketing Services,S4 CAPITAL,0.0040826293830240135
EEE,EMPIRE METALS LD,47.91,0.47909999999999997,8.0,3.09,0.0,0.0006,0.14,uk,资源,矿产,贵金属,Non-Energy Minerals,Precious Metals,EMPIRE METALS(DI),0.0010659432489196537
AFC,AFC ENERGY,140.07,1.4006999999999998,18.74,3.08,5.39,0.0004,0.03,uk,科技,电子,电子生产设备,Electronic Technology,Electronic Production Equipment,AFC ENERGY,0.0011622882111941527
AHT,Ashtead集团,25940.57,259.4057,5932.0,2.99,2.22,0.0329,0.01,uk,金融,资产管理,金融租赁,Finance,Finance/Rental/Leasing,ASHTEAD,0.011812526696248986
IHP,INTEGRAFIN,989.0,9.89,298.5,2.93,1.9,0.0005,0.0,uk,金融,资产管理,投资信托,Miscellaneous,Investment Trusts/Mutual Funds,INTEGRAFIN,0.00033757342692624444
TRN,TRAINLINE,1455.95,14.5595,310.8,2.91,3.11,0.0046,0.03,uk,消费,可选消费,其他消费者服务,Consumer Services,Other Consumer Services,TRAINLINE,0.0030652801917454083
PSN,柿子公司,4218.28,42.1828,1319.5,2.88,1.95,0.012,0.03,uk,制造业,建筑业,住宅建筑,Consumer Durables,Homebuilding,PERSIMMON,0.005616247809923868
PANR,PANTHEON RESOURCES,313.44,3.1344,34.55,2.83,3.27,0.0023,0.07,uk,资源,能源,油气生产,Energy Minerals,Oil & Gas Production,PANTHEON RESOURCES,0.0025515496203180974
HIK,HIKMA PHARMACEUTICALS,4229.13,42.2913,1906.0,2.8,2.43,0.0206,0.05,uk,医药,制药,仿制药,Health Technology,Pharmaceuticals: Generic,HIKMA PHARMACEUTICALS,0.00924564857140106
TRST,TRUSTPILOT,805.63,8.0563,194.2,2.75,2.01,0.0005,0.01,uk,科技,IT技术,互联网,Technology Services,Internet Software/Services,TRUSTPILOT,0.0003252638634124359
AVON,AVON PROTECTION,363.1,3.6310000000000002,1200.0,2.74,2.57,0.0005,0.01,uk,医药,医疗,医疗器械,Health Technology,Medical Specialties,AVON PROTECTION,0.0004091928939011245
FXPO,FERREXPO,318.81,3.1881,53.3,2.7,1.73,0.0011,0.03,uk,资源,矿产,钢,Non-Energy Minerals,Steel,FERREXPO,0.0009173215639476247
DOCS,DR. MARTENS,704.58,7.045800000000001,73.25,2.66,6.1,0.0009,0.01,uk,消费,日常消费,服装鞋类,Consumer Non-Durables,Apparel/Footwear,DR. MARTENS,0.0018862603274697617
NCC,NCC,411.3,4.113,131.2,2.66,1.72,0.0008,0.02,uk,科技,IT技术,信息技术,Technology Services,Information Technology Services,NCC,0.0006031205170414418
HL.,哈格里夫斯·兰斯多恩公司,3583.95,35.8395,755.6,2.64,1.9,0.0046,0.01,uk,金融,资产管理,投资经理,Finance,Investment Managers,HARGREAVES LANSDOWN,0.0019592936805517608
DWL,DOWLAIS,1164.13,11.641300000000001,83.75,2.63,2.21,0.0017000000000000001,0.01,uk,制造业,汽车,汽车零部件,Producer Manufacturing,Auto Parts: OEM,DOWLAIS,0.0009377764339913401
SDR,SCHRODERS,5742.2,57.422,356.2,2.59,2.25,0.0072,0.01,uk,金融,资产管理,投资经理,Finance,Investment Managers,SCHRODERS,0.0027098806565548908
ICG,中间资本集团,5887.82,58.8782,2026.0,2.58,1.67,0.008,0.01,uk,金融,资产管理,金融集团,Finance,Financial Conglomerates,INTERMEDIATE CAPITAL,0.0029792938347017635
CAML,中亚金属,369.27,3.6927,203.0,2.53,2.93,0.0021,0.06,uk,资源,矿产,其他金属,Non-Energy Minerals,Other Metals/Minerals,CENTRAL ASIA METALS,0.0018866063181999986
JUP,木星基金管理,417.45,4.1745,76.6,2.41,0.0,0.0006,0.01,uk,金融,资产管理,投资信托,Miscellaneous,Investment Trusts/Mutual Funds,JUPITER FUND MANAGEMENT,0.0003889115461784424
CRST,CREST NICHOLSON,486.61,4.8661,189.4,2.38,1.57,0.001,0.02,uk,制造业,建筑业,住宅建筑,Consumer Durables,Homebuilding,CREST NICHOLSON HLDGS,0.0006073577310516562
STJ,圣詹姆斯广场,2364.49,23.644899999999996,431.0,2.38,1.71,0.0073,0.03,uk,金融,保险,人寿/健康保险,Finance,Life/Health Insurance,ST JAMES'S PLACE,0.0029201058617815802
NIOX,NIOX,292.54,2.9254000000000002,69.2,2.37,1.78,0.0002,0.01,uk,医药,健康服务,健康服务,Health Services,Medical/Nursing Services,NIOX,0.00014119229282004317
UPL,UPLAND RESOURCES LIMITED,53.3,0.5329999999999999,4.4,2.33,0.0,0.0001,0.03,uk,资源,能源,油气生产,Energy Minerals,Oil & Gas Production,UPLAND RESOURCES,0.00011416041048330249
FCH,FUNDING CIRCLE,220.05,2.2005,61.8,2.32,1.66,0.0009,0.04,uk,金融,资产管理,金融租赁,Finance,Finance/Rental/Leasing,FUNDING CIRCLE HLDGS,0.0006734975567422353
CARR,CARR'S,125.52,1.2551999999999999,133.0,2.31,0.77,0.0002,0.02,uk,消费,食品饮料,零食,Consumer Non-Durables,Food: Specialty/Candy,CARR'S,0.00017740941210645628
HBR,HARBOUR ENERGY,2263.36,22.6336,293.8,2.3,4.7,0.004699999999999999,0.02,uk,资源,能源,油气生产,Energy Minerals,Oil & Gas Production,HARBOUR ENERGY,0.0050832308162618
RGL,REGIONAL REIT LIMITED,115.52,1.1552,22.4,2.28,3.88,0.0003,0.03,uk,金融,房地产,房地产投资信托,Finance,Real Estate Investment Trusts,REGIONAL REIT,0.0005824476775035983
GBG,GB,749.71,7.4971000000000005,296.8,2.27,2.69,0.0013,0.02,uk,科技,IT技术,软件开发,Technology Services,Packaged Software,GB,0.0008352376235474024
CNA,英国森特理克,7164.1,71.641,134.35,2.25,2.17,0.008100000000000001,0.01,uk,公用事业,燃气,燃气,Utilities,Gas Distributors,CENTRICA,0.0023694749505993357
TPK,塔维博金集团,1563.01,15.6301,735.5,2.22,1.6,0.001,0.01,uk,消费,零售,家居装修,Retail Trade,Home Improvement Chains,TRAVIS PERKINS,0.00039758477900231435
RSW,雷尼绍,3024.36,30.2436,4155.0,2.21,1.6,0.0016,0.01,uk,制造业,机械,机械加工设备,Producer Manufacturing,Industrial Machinery,RENISHAW,0.0005421293146634889
BNC,桑坦德银行(UK),65429.83,654.2983,416.5,2.21,1.35,0.0045000000000000005,0.0,uk,金融,银行,主要银行,Finance,Major Banks,BANCO SANTANDER SA EUR0.50(REGD) (CDI),0.0009048129067412046
TSTL,TRISTEL,225.74,2.2574,475.0,2.15,0.0,0.0003,0.01,uk,医药,医疗,医疗器械,Health Technology,Medical Specialties,TRISTEL,0.0001986142054272925
CBG,CLOSE BROTHERS,716.62,7.1662,476.2,2.15,3.13,0.0016,0.02,uk,金融,资产管理,投资银行,Finance,Investment Banks/Brokers,CLOSE BROS,0.0012999777436690332
CMCX,盈丰财资市场,745.71,7.4571000000000005,266.5,2.11,3.83,0.0013,0.02,uk,金融,资产管理,投资银行,Finance,Investment Banks/Brokers,CMC MARKETS,0.0013971786040284004
BRBY,博柏利,4190.04,41.9004,1168.5,2.1,1.22,0.0078000000000000005,0.02,uk,消费,日常消费,服装鞋类,Consumer Non-Durables,Apparel/Footwear,BURBERRY,0.002283927421629122
DRX,DRAX,2072.45,20.7245,536.0,2.1,1.81,0.0023,0.01,uk,公用事业,电力,电力公司,Utilities,Electric Utilities,DRAX,0.000785825727828388
ECOR,ECORA RESOURCES,208.93,2.0893,82.9,2.09,2.71,0.0004,0.02,uk,资源,矿产,其他金属,Non-Energy Minerals,Other Metals/Minerals,ECORA RESOURCES,0.00038335841785604044
FRES,弗雷斯尼洛,4355.04,43.550399999999996,591.0,2.07,1.3,0.0058,0.01,uk,资源,矿产,贵金属,Non-Energy Minerals,Precious Metals,FRESNILLO,0.0016486441175719067
ADT1,ADRIATIC METALS,685.94,6.859400000000001,224.0,2.05,0.23,0.001,0.01,uk,资源,矿产,其他金属,Non-Energy Minerals,Other Metals/Minerals,ADRIATIC METALS,0.00043881412083384894
WOSG,WATCHES OF SWITZERLAND,816.93,8.1693,341.0,2.03,1.8,0.0009,0.01,uk,消费,零售,专卖店,Retail Trade,Specialty Stores,WATCHES OF SWITZERLAND,0.00037045145724930157
TGA,THUNGELA RESOURCES LIMITED,755.85,7.5585,554.5,2.02,2.21,0.0013,0.02,uk,公用事业,电力,新能源发电,Utilities,Alternative Power Generation,THUNGELA RESOURCES(DI),0.0006217278183104808
PRU,英国保诚,20028.6,200.28599999999997,728.4,2.02,1.32,0.0472,0.02,uk,金融,保险,多险种保险,Finance,Multi-Line Insurance,PRUDENTIAL GBP0.05,0.009835720110362612
CWR,CERES POWER,274.08,2.7407999999999997,142.0,2.01,0.0,0.001,0.04,uk,科技,电子,电子生产设备,Electronic Technology,Electronic Production Equipment,CERES POWER,0.0005622121000522498
WIL,WILMINGTON,321.56,3.2156000000000002,359.0,1.99,0.0,0.0003,0.01,uk,消费,可选消费,出版：书籍/杂志,Consumer Services,Publishing: Books/Magazines,WILMINGTON,0.000157980173698038
WIZZ,威兹航空控股,2230.52,22.3052,2158.0,1.98,1.42,0.0068000000000000005,0.03,uk,制造业,运输,航空公司,Transportation,Airlines,WIZZ AIR HLDGS,0.0020889474323083357
KMR,肯梅尔资源,300.25,3.0025,336.5,1.97,1.52,0.0008,0.03,uk,资源,矿产,其他金属,Non-Energy Minerals,Other Metals/Minerals,KENMARE RESOURCES,0.0004238712702552489
KETL,STRIX,164.19,1.6419,75.0,1.9,1.9,0.0002,0.01,uk,科技,电子,仪器设备,Electronic Technology,Electronic Equipment/Instruments,STRIX,0.00012140968661940936
SEPL,SEPLAT PETROLEUM DEVELOPMENT CO,956.22,9.5622,162.5,1.88,0.94,0.0001,0.0,uk,资源,能源,石油,Energy Minerals,Integrated Oil,SEPLAT ENERGY NGN0.5 (DI),3.507573737729612e-05
RIO,力拓(UK),68637.16,686.3716000000001,5480.0,1.88,0.58,0.1168,0.02,uk,资源,矿产,其他金属,Non-Energy Minerals,Other Metals/Minerals,RIO TINTO,0.018258986092197282
SOLG,SOLGOLD,278.5,2.785,9.28,1.87,2.96,0.0006,0.02,uk,资源,矿产,贵金属,Non-Energy Minerals,Precious Metals,SOLGOLD,0.0005975806920115804
ENOG,ENERGEAN,2016.46,20.1646,1099.0,1.85,3.99,0.0029,0.01,uk,资源,能源,油气生产,Energy Minerals,Oil & Gas Production,ENERGEAN,0.0025561444465149936
JSG,JOHNSON SERVICE,553.66,5.5366,133.6,1.83,2.44,0.0003,0.01,uk,消费,商业服务,综合商业,Commercial Services,Miscellaneous Commercial Services,JOHNSON SERVICE,0.00018199036336792696
GKP,GULF KEYSTONE PETROLEUM LTD COM,250.09,2.5009,112.3,1.81,0.0,0.0006,0.02,uk,资源,能源,石油,Energy Minerals,Integrated Oil,GULF KEYSTONE PETROLEUM LIMITED COM SHS USD1.00 (DI),0.00029588842345403937
AFM,ALPHA FINANCIAL MARKETS CONSULT,411.17,4.1117,337.0,1.81,0.0,0.0016,0.04,uk,消费,商业服务,综合商业,Commercial Services,Miscellaneous Commercial Services,ALPHA FINANCIAL MKTS CONSULTING,0.000675543170443416
ATYM,ATALAYA MINING,628.85,6.2885,449.5,1.81,2.04,0.0007000000000000001,0.01,uk,资源,矿产,其他金属,Non-Energy Minerals,Other Metals/Minerals,ATALAYA MINING,0.00031260002896677696
RDW,REDROW,2140.08,21.4008,647.0,1.81,2.52,0.0005,0.0,uk,制造业,建筑业,住宅建筑,Consumer Durables,Homebuilding,REDROW,0.00022284301496587744
ONT,OXFORD NANOPORE TECHNOLOGIES PL,814.81,8.1481,94.75,1.77,1.61,0.0002,0.0,uk,科技,电子,仪器设备,Electronic Technology,Electronic Equipment/Instruments,OXFORD NANOPORE TECHNOLOGIES,6.681425769393122e-05
PETS,PETS AT HOME,1347.59,13.4759,288.0,1.77,2.83,0.0019,0.01,uk,消费,零售,专卖店,Retail Trade,Specialty Stores,PETS AT HOME,0.0011245998074098445
KNOS,KAINOS,1188.69,11.8869,945.0,1.72,2.58,0.0007000000000000001,0.01,uk,科技,IT技术,信息技术,Technology Services,Information Technology Services,KAINOS,0.000373292170804718
UKCM,UK COMMERCIAL PROPERTY REIT LIM,856.31,8.563099999999999,65.9,1.7,1.08,0.0006,0.01,uk,金融,房地产,房地产投资信托,Finance,Real Estate Investment Trusts,UK COMMERCIAL PROPERTY REIT,0.00018578578155497528
TLW,图罗石油,524.87,5.2487,36.04,1.69,3.05,0.0016,0.03,uk,资源,能源,油气生产,Energy Minerals,Oil & Gas Production,TULLOW OIL,0.0013701437484674283
LIO,LIONTRUST ASSET MANAGEMENT,431.82,4.3182,665.0,1.68,2.14,0.0018,0.04,uk,金融,资产管理,投资经理,Finance,Investment Managers,LIONTRUST ASSET MANAGEMENT,0.0009661654841805837
KIE,KIER,593.82,5.9382,133.0,1.68,1.53,0.0013,0.02,uk,制造业,建筑业,建筑工程,Industrial Services,Engineering & Construction,KIER,0.00043841663540519787
RNO,瑞诺德集团,109.55,1.0955,48.6,1.67,1.67,0.0005,0.04,uk,制造业,机械,机械加工设备,Producer Manufacturing,Industrial Machinery,RENOLD,0.0002820421177810381
GMR,GAMING REALMS,107.89,1.0789,36.6,1.67,0.28,0.0011,0.1,uk,科技,IT技术,软件开发,Technology Services,Packaged Software,GAMING REALMS,0.0006233422037704338
BOOT,BOOT (HENRY),247.2,2.472,184.5,1.65,2.48,0.0002,0.01,uk,制造业,建筑业,住宅建筑,Consumer Durables,Homebuilding,BOOT(HENRY),0.00015933480991527186
SUP,SUPREME,146.81,1.4681,126.0,1.61,0.0,0.0001,0.01,uk,制造业,机械,电力设备,Producer Manufacturing,Electrical Products,SUPREME,4.8714098347581545e-05
BDEV,巴莱特开发公司,4444.14,44.4414,456.0,1.6,1.31,0.0045000000000000005,0.01,uk,制造业,建筑业,住宅建筑,Consumer Durables,Homebuilding,BARRATT DEVELOPMENTS,0.0008579811100600323
THG,THG,856.09,8.5609,64.35,1.58,0.87,0.0019,0.02,uk,科技,IT技术,网络零售,Retail Trade,Internet Retail,THG,0.0005252127694685376
OSB,OSB,1563.13,15.631300000000001,400.4,1.57,1.67,0.0062,0.04,uk,金融,银行,主要银行,Finance,Major Banks,OSB,0.0015964724797023926
EDV,ENDEAVOUR MINING,4196.36,41.9636,1713.0,1.54,1.07,0.0017000000000000001,0.0,uk,资源,矿产,贵金属,Non-Energy Minerals,Precious Metals,ENDEAVOUR MINING,0.0003089863250045199
HAS,瀚纳仕人才管理咨询,1468.24,14.6824,92.65,1.53,1.53,0.0011,0.01,uk,消费,商业服务,人力资源,Commercial Services,Personnel Services,HAYS,0.0002510608551098082
CEY,CENTAMIN,1462.96,14.6296,126.0,1.53,0.97,0.0055000000000000005,0.04,uk,资源,矿产,贵金属,Non-Energy Minerals,Precious Metals,CENTAMIN,0.0012564334675569477
DSCV,DISCOVERIE,704.36,7.0436000000000005,731.0,1.53,5.0,0.0006,0.01,uk,制造业,机械,电力设备,Producer Manufacturing,Electrical Products,DISCOVERIE,0.0009548670808443132
IWG,IWG,1878.48,18.7848,186.6,1.52,2.23,0.001,0.01,uk,消费,商业服务,综合商业,Commercial Services,Miscellaneous Commercial Services,IWG,0.0003828330177177241
MCG,MOBICO,329.46,3.2946,53.65,1.51,1.8,0.0015,0.04,uk,制造业,运输,其他交通,Transportation,Other Transportation,MOBICO,0.000672464438703522
SDY,SPEEDY HIRE,124.47,1.2447,26.95,1.51,1.69,0.0001,0.01,uk,金融,资产管理,金融租赁,Finance,Finance/Rental/Leasing,SPEEDY HIRE,5.5271902062163545e-05
DLN,DERWENT LONDON,2270.52,22.7052,2022.0,1.51,1.31,0.0005,0.0,uk,金融,房地产,房地产投资信托,Finance,Real Estate Investment Trusts,DERWENT LONDON,0.0001007075037073522
EZJ,易捷航空,4100.83,41.0083,541.0,1.5,0.83,0.0086,0.02,uk,制造业,运输,航空公司,Transportation,Airlines,EASYJET,0.0015072301675202958
MONY,MONEYSUPERMARKET.COM,1165.18,11.651800000000001,217.0,1.5,3.37,0.0016,0.01,uk,科技,IT技术,互联网,Technology Services,Internet Software/Services,MONEYSUPERMARKET.COM,0.0012679215171873984
LTG,LEARNING TECHNOLOGIES,596.53,5.9653,75.4,1.48,1.21,0.0009,0.01,uk,科技,IT技术,软件开发,Technology Services,Packaged Software,LEARNING TECHNOLOGIES,0.0002488223254747653
FERG,弗格森,34508.22,345.0822,17060.0,1.46,0.48,0.0048,0.0,uk,消费,经销商,批发经销商,Distribution Services,Wholesale Distributors,FERGUSON,0.0005579900743583413
PAG,PARAGON BANKING,1483.71,14.8371,700.0,1.45,1.23,0.0005,0.0,uk,金融,银行,地区银行,Finance,Regional Banks,PARAGON BANKING,0.00010463778233910253
BWY,BELLWAY,3012.33,30.1233,2532.0,1.44,0.88,0.0019,0.01,uk,制造业,建筑业,住宅建筑,Consumer Durables,Homebuilding,BELLWAY GBP0.125,0.00033344665144337433
SN.,施乐辉公司,8552.74,85.5274,978.2,1.43,1.47,0.0398,0.05,uk,医药,医疗,医疗器械,Health Technology,Medical Specialties,SMITH & NEPHEW,0.005863679284818411
RHIM,RHI MAGNESITA N.V.,1678.08,16.7808,3560.0,1.42,2.42,0.0001,0.0,uk,资源,矿产,其他金属,Non-Energy Minerals,Other Metals/Minerals,RHI MAGNESITA,4.446109188233105e-05
ATG,AUCTION TECHNOLOGY,608.67,6.0866999999999996,500.0,1.42,2.03,0.011000000000000001,0.18,uk,科技,IT技术,互联网,Technology Services,Internet Software/Services,AUCTION TECHNOLOGY,0.004922075909350301
EMG,英仕曼集团,2970.15,29.7015,247.4,1.39,1.23,0.0085,0.03,uk,金融,资产管理,投资经理,Finance,Investment Managers,MAN,0.0014153399515649452
GRI,GRAINGER,1909.51,19.0951,257.5,1.38,1.97,0.0005,0.0,uk,金融,房地产,房地产开发,Finance,Real Estate Development,GRAINGER,0.00015806657410373398
HWDN,HOWDEN JOINERY,4857.68,48.576800000000006,884.0,1.38,0.75,0.004699999999999999,0.01,uk,消费,可选消费,电子电器,Consumer Durables,Electronics/Appliances,HOWDEN JOINERY,0.0006981173667880598
AGFX,ARGENTEX,50.83,0.5083,44.9,1.35,0.0,0.0001,0.02,uk,金融,资产管理,投资银行,Finance,Investment Banks/Brokers,ARGENTEX,4.9857431894754254e-05
SNR,英国 Senior,696.23,6.9623,166.0,1.34,7.94,0.0070999999999999995,0.1,uk,制造业,机械,航空航天与国防,Electronic Technology,Aerospace & Defense,SENIOR GBP0.10,0.021371551769584128
TYMN,TYMAN,743.91,7.4391,379.0,1.34,3.34,0.0008,0.01,uk,消费,可选消费,工具和硬件,Consumer Durables,Tools & Hardware,TYMAN,0.0007067045906038161
AVCT,AVACTA,163.72,1.6372,45.6,1.33,0.0,0.006999999999999999,0.42,uk,消费,商业服务,综合商业,Commercial Services,Miscellaneous Commercial Services,AVACTA,0.002441635011732448
LGEN,法通保险,14106.15,141.0615,235.9,1.33,0.82,0.038900000000000004,0.03,uk,金融,保险,多险种保险,Finance,Multi-Line Insurance,LEGAL & GENERAL,0.00448706800516033
RWS,RWS,622.4,6.224,168.8,1.32,2.28,0.0009,0.01,uk,消费,商业服务,综合商业,Commercial Services,Miscellaneous Commercial Services,RWS,0.0004767543247797928
GPE,GREAT PORTLAND ESTATES,985.01,9.8501,388.0,1.31,1.7,0.0001,0.0,uk,金融,房地产,房地产投资信托,Finance,Real Estate Investment Trusts,GREAT PORTLAND ESTATES,2.9809029884293054e-05
FUTR,FUTURE,718.29,7.1829,623.5,1.3,1.87,0.0009,0.01,uk,消费,可选消费,出版：书籍/杂志,Consumer Services,Publishing: Books/Magazines,FUTURE,0.0003388794570044966
IGG,IG,2775.67,27.756700000000002,742.0,1.3,1.16,0.0039000000000000003,0.01,uk,金融,资产管理,投资银行,Finance,Investment Banks/Brokers,IG,0.0005928652027072453
SXS,思百吉,3317.6,33.176,3296.0,1.29,2.03,0.0013,0.0,uk,制造业,机械,电力设备,Producer Manufacturing,Electrical Products,SPECTRIS,0.00037973896456364235
IPO,IP,493.76,4.9376,47.85,1.27,1.16,0.002,0.04,uk,消费,商业服务,综合商业,Commercial Services,Miscellaneous Commercial Services,IP,0.0004591132525376266
PCA,PALACE CAPITAL,90.52,0.9052,241.0,1.26,0.0,0.0002,0.02,uk,金融,房地产,房地产开发,Finance,Real Estate Development,PALACE CAPITAL,7.667298272089422e-05
WPP,WPP集团(UK),8697.46,86.9746,806.4,1.26,1.18,0.0206,0.02,uk,消费,商业服务,广告营销,Commercial Services,Advertising/Marketing Services,WPP,0.002371318424144331
BREE,BREEDON,1245.11,12.451099999999999,363.0,1.26,1.39,0.0005,0.0,uk,制造业,建筑业,建筑材料,Non-Energy Minerals,Construction Materials,BREEDON GRP,0.00010234540488786869
PAF,泛非资源,470.5,4.705,24.55,1.24,0.62,0.0016,0.03,uk,资源,矿产,贵金属,Non-Energy Minerals,Precious Metals,PAN AFRICAN RESOURCES,0.00035870894152591074
OTB,ON THE BEACH,248.74,2.4874,149.0,1.22,1.09,0.0004,0.02,uk,消费,可选消费,其他消费者服务,Consumer Services,Other Consumer Services,ON THE BEACH,0.00010649844289770615
BBY,BALFOUR BEATTY,1943.75,19.4375,365.8,1.22,1.44,0.0007000000000000001,0.0,uk,制造业,建筑业,建筑工程,Industrial Services,Engineering & Construction,BALFOUR BEATTY GBP0.50,0.00013571000760753704
MTO,MITIE,1552.1,15.520999999999999,116.4,1.22,0.7,0.0009,0.01,uk,消费,商业服务,综合商业,Commercial Services,Miscellaneous Commercial Services,MITIE,0.00014165527640945443
RR.,劳斯莱斯,34558.96,345.5896,410.6,1.21,1.33,0.1255,0.04,uk,制造业,汽车,汽车整车,Electronic Technology,Motor Vehicles,ROLLS ROYCE,0.012590927134752208
REDD,REDDE NORTHGATE,874.76,8.7476,385.0,1.18,2.5,0.0012,0.01,uk,金融,资产管理,金融租赁,Finance,Finance/Rental/Leasing,REDDE NORTHGATE,0.0006627272700306649
TET,TREATT,288.53,2.8852999999999995,475.5,1.17,2.23,0.0001,0.0,uk,制造业,化工,特殊化学品,Process Industries,Chemicals: Specialty,TREATT,6.471901022246601e-05
SBRY,森宝利(英伯瑞),6169.4,61.693999999999996,259.6,1.17,0.86,0.0148,0.02,uk,消费,零售,食品零售,Retail Trade,Food Retail,SAINSBURY(J),0.0016129627215488015
IAG,国际航空集团,8763.84,87.6384,178.2,1.16,2.3,0.0326,0.04,uk,制造业,运输,航空公司,Transportation,Airlines,INTERNATIONAL CONSOLIDATED AIRLINE,0.009498468418173502
SQZ,SERICA ENERGY,821.95,8.2195,209.0,1.16,1.26,0.0054,0.07,uk,资源,能源,油气生产,Energy Minerals,Oil & Gas Production,SERICA ENERGY,0.0010568880689523533
ULTP,ULTIMATE PRODUCTS,155.85,1.5585,174.5,1.16,2.32,0.0001,0.01,uk,消费,经销商,批发经销商,Distribution Services,Wholesale Distributors,ULTIMATE PRODUCTS,8.347175659978445e-05
BBOX,TRITAX BIG BOX REIT,2832.76,28.327600000000004,148.8,1.16,0.88,0.0018,0.01,uk,金融,资产管理,投资信托,Miscellaneous,Investment Trusts/Mutual Funds,TRITAX BIG BOX REIT,0.00022705650752398419
GLEN,嘉能可,57831.37,578.3137,474.0,1.15,1.03,0.1134,0.02,uk,资源,矿产,其他金属,Distribution Services,Other Metals/Minerals,GLENCORE,0.008390143505550346
ITV,英国独立电视台,2843.65,28.436500000000002,70.85,1.14,0.71,0.0051,0.02,uk,消费,可选消费,电影娱乐,Consumer Services,Movies/Entertainment,ITV,0.0006250466114421161
VTY,VISTRY,3930.25,39.3025,1152.0,1.14,0.61,0.0033,0.01,uk,制造业,建筑业,住宅建筑,Consumer Durables,Homebuilding,VISTRY,0.0003773857904351921
TW.,泰勒温佩,4705.32,47.0532,132.95,1.14,0.8,0.0053,0.01,uk,制造业,建筑业,住宅建筑,Consumer Durables,Homebuilding,TAYLOR WIMPEY,0.0005842234731094996
WKP,WORKSPACE,940.36,9.4036,490.0,1.14,3.51,0.0003,0.0,uk,金融,房地产,房地产投资信托,Finance,Real Estate Investment Trusts,WORKSPACE,0.00026686997987163585
OXIG,牛津仪器,1303.06,13.0306,2250.0,1.12,1.35,0.0012,0.01,uk,科技,电子,半导体,Electronic Technology,Semiconductors,OXFORD INSTRUMENTS,0.00023183745816431333
REVB,REVOLUTION BEAUTY,86.32,0.8632,27.1,1.12,0.0,0.0001,0.01,uk,消费,日常消费,个人护理,Consumer Non-Durables,Household/Personal Care,REVOLUTION BEAUTY,3.217501311569163e-05
SUPR,SUPERMARKET INCOME REIT,911.0,9.11,73.1,1.11,0.83,0.0023,0.03,uk,金融,房地产,房地产投资信托,Finance,Real Estate Investment Trusts,SUPERMARKET,0.00035710816617141194
PHP,PRIMARY HEALTH PROPERTIES,1229.57,12.2957,92.0,1.1,1.87,0.0019,0.02,uk,金融,房地产,房地产投资信托,Finance,Real Estate Investment Trusts,PRIMARY HEALTH PROPERTIES,0.0006186142577500639
IDS,INTERNATIONAL DISTRIBUTIONS SER,2654.47,26.5447,277.0,1.09,2.63,0.0029,0.01,uk,制造业,运输,物流,Transportation,Air Freight/Couriers,INTL DISTRIBUTIONS SVCS,0.0013110442261483279
IBST,IBSTOCK,583.76,5.8376,148.6,1.09,2.45,0.0007000000000000001,0.01,uk,制造业,建筑业,建筑材料,Non-Energy Minerals,Construction Materials,IBSTOCK,0.0004206581114435782
DLG,直线保险集团,2456.23,24.5623,187.3,1.08,1.13,0.0014000000000000002,0.01,uk,金融,保险,财产/意外伤害保险,Finance,Property/Casualty Insurance,DIRECT LINE INSURANCE,0.00017479184280602737
CPX,CAP-XX LIMITED,2.73,0.0273,0.094,1.08,0.0,0.0003,1.2,uk,科技,电子,元器件,Electronic Technology,Electronic Components,CAP-XX,0.00014378047930917108
WEIR,伟尔集团,5161.09,51.6109,1988.0,1.07,1.12,0.018600000000000002,0.04,uk,制造业,机械,工程机械,Producer Manufacturing,Trucks/Construction/Farm Machinery,WEIR,0.001956248666259862
SRE,SIRIUS REAL ESTATE LD,1283.43,12.8343,95.2,1.06,2.39,0.0007000000000000001,0.01,uk,金融,房地产,房地产开发,Finance,Real Estate Development,SIRIUS REAL ESTATE,0.00032662491246542746
HILS,HILL & SMITH,1540.28,15.4028,1916.0,1.05,1.48,0.0005,0.0,uk,制造业,机械,综合制造,Producer Manufacturing,Miscellaneous Manufacturing,HILL & SMITH,0.00010705594885599009
LLOY,劳埃德银行(UK),32966.67,329.6667,51.74,1.05,1.8,0.08460000000000001,0.03,uk,金融,银行,主要银行,Finance,Major Banks,LLOYDS BANKING,0.013703675764287656
QLT,QUILTER,1495.37,14.9537,106.5,1.04,2.56,0.0443,0.3,uk,金融,资产管理,投资经理,Finance,Investment Managers,QUILTER,0.022030554685148
TUI,途易集团,3429.43,34.2943,581.0,1.04,0.61,0.0025,0.01,uk,消费,可选消费,其他消费者服务,Consumer Services,Other Consumer Services,TUI AG,0.00025360036374702484
IMI,皇家金属工业(IMI),4557.36,45.5736,1743.0,1.04,0.46,0.0031,0.01,uk,制造业,机械,机械加工设备,Producer Manufacturing,Industrial Machinery,IMI,0.0002964507606523387
JDW,WETHERSPOON ( J.D.),903.06,9.0306,730.5,1.04,0.62,0.0009,0.01,uk,消费,可选消费,餐厅,Consumer Services,Restaurants,WETHERSPOON(J.D.),0.000126042176590321
SGE,赛捷集团,11780.92,117.8092,1172.5,1.03,0.6,0.0125,0.01,uk,科技,IT技术,软件开发,Technology Services,Packaged Software,SAGE,0.0009859914918035973
PAGE,PAGEGROUP,1478.78,14.787799999999999,450.0,1.03,1.93,0.0004,0.0,uk,消费,商业服务,人力资源,Commercial Services,Personnel Services,PAGEGROUP,0.0001304266956667407
SCT,SOFTCAT,3161.98,31.6198,1583.0,1.02,3.32,0.001,0.0,uk,科技,IT技术,信息技术,Technology Services,Information Technology Services,SOFTCAT,0.0006117341755010188
HLMA,英国豪迈,8352.2,83.522,2200.0,1.01,1.01,0.0072,0.01,uk,科技,电子,仪器设备,Electronic Technology,Electronic Equipment/Instruments,HALMA,0.0005845288348726493
SAFE,SAFESTORE,1654.91,16.5491,757.5,1.0,1.33,0.0002,0.0,uk,金融,房地产,房地产投资信托,Finance,Real Estate Investment Trusts,SAFESTORE,3.555223433241317e-05
AML,阿斯顿马丁,1257.85,12.578499999999998,152.7,0.99,1.59,0.0006,0.0,uk,制造业,汽车,汽车整车,Consumer Durables,Motor Vehicles,ASTON MARTIN LAGONDA GBL HLDGS,0.0001512101280016735
RMV,RIGHTMOVE,4054.6,40.546,509.8,0.99,1.03,0.0055000000000000005,0.01,uk,金融,房地产,房地产开发,Finance,Real Estate Development,RIGHTMOVE,0.0005302734377699154
TCAP,TP ICAP,1578.38,15.783800000000001,204.0,0.99,6.19,0.0154,0.1,uk,金融,资产管理,投资银行,Finance,Investment Banks/Brokers,TP ICAP,0.02659381586258564
JUST,JUST,1063.63,10.6363,102.4,0.99,1.78,0.0003,0.0,uk,金融,保险,人寿/健康保险,Finance,Life/Health Insurance,JUST,9.405251945606325e-05
ASHM,安石集团,1316.43,13.1643,184.7,0.98,1.53,0.0005,0.0,uk,金融,资产管理,投资经理,Finance,Investment Managers,ASHMORE,0.00011730120107289884
VCP,维多利亚,235.22,2.3522,207.0,0.98,3.41,0.0006,0.02,uk,消费,可选消费,家居摆设,Consumer Durables,Home Furnishings,VICTORIA,0.0007743576830276527
VLX,豪利士集团,574.82,5.748200000000001,316.5,0.96,5.42,0.0051,0.09,uk,制造业,机械,电力设备,Producer Manufacturing,Electrical Products,VOLEX,0.009628544155305304
KLR,KELLER,770.63,7.7063,1056.0,0.96,0.57,0.0025,0.03,uk,制造业,建筑业,建筑工程,Industrial Services,Engineering & Construction,KELLER,0.0003209855406688883
SVS,第一太平戴维斯,1533.43,15.3343,1062.0,0.95,0.57,0.0001,0.0,uk,金融,房地产,房地产开发,Finance,Real Estate Development,SAVILLS,1.0527316195386556e-05
STEM,STHREE,578.6,5.7860000000000005,429.0,0.94,3.18,0.0002,0.0,uk,消费,商业服务,人力资源,Commercial Services,Personnel Services,STHREE,0.0001768470468457726
JET2,JET2,3007.68,30.0768,1401.0,0.94,0.65,0.0031,0.01,uk,消费,可选消费,其他消费者服务,Consumer Services,Other Consumer Services,JET2,0.0002742280049369554
VANQ,VANQUIS BANKING,124.65,1.2465000000000002,48.6,0.93,0.83,0.0003,0.02,uk,金融,资产管理,金融租赁,Finance,Finance/Rental/Leasing,VANQUIS BANKING,6.393617632306159e-05
VOD,沃达丰(UK),18858.6,188.58599999999998,69.64,0.93,0.87,0.0148,0.01,uk,科技,通信,电信运营,Communications,Wireless Telecommunications,VODAFONE,0.0009138897934474276
THRL,TARGET HEALTHCARE REIT,473.86,4.7386,76.4,0.92,3.43,0.0015,0.03,uk,金融,房地产,房地产投资信托,Finance,Real Estate Investment Trusts,TARGET HEALTHCARE REIT,0.0015702590514659475
CVSG,CVS,705.74,7.0574,984.0,0.92,1.44,0.0014000000000000002,0.02,uk,医药,健康服务,健康服务,Health Services,Hospital/Nursing Management,CVS,0.0003532683943634231
PNN,PENNON,1893.58,18.9358,662.0,0.91,2.97,0.0014000000000000002,0.01,uk,公用事业,水务,水务,Utilities,Water Utilities,PENNON,0.0008181247887373027
PHNX,凤凰集团控股,4869.56,48.695600000000006,486.2,0.91,0.75,0.0176,0.04,uk,金融,保险,人寿/健康保险,Finance,Life/Health Insurance,PHOENIX,0.0013347648459831872
SSE,苏格兰和南方能源公司,18211.32,182.1132,1665.5,0.91,0.73,0.0152,0.01,uk,公用事业,电力,电力公司,Utilities,Electric Utilities,SSE GBP0.50,0.0009106613653461384
LOK,LOK'N STORE,368.46,3.6845999999999997,1120.0,0.9,1.8,0.0002,0.01,uk,制造业,运输,其他交通,Transportation,Other Transportation,LOK'N STORE,8.659873934228721e-05
AUTO,AUTO TRADER,6257.58,62.5758,694.8,0.9,0.55,0.005600000000000001,0.01,uk,科技,IT技术,互联网,Technology Services,Internet Software/Services,AUTO TRADER,0.00039709313365311896
MRO,MELROSE INDUSTRIES,8262.27,82.62270000000001,630.8,0.9,0.83,0.0101,0.01,uk,制造业,机械,航空航天与国防,Electronic Technology,Aerospace & Defense,MELROSE INDUSTRIES,0.0006800114228731308
ULVR,联合利华,103054.98,1030.5498,4118.0,0.88,1.13,0.2205,0.02,uk,消费,日常消费,个人护理,Consumer Non-Durables,Household/Personal Care,UNILEVER,0.01470707520478489
RAT,RATHBONES,1464.13,14.641300000000001,1614.0,0.88,0.5,0.0002,0.0,uk,金融,资产管理,投资经理,Finance,Investment Managers,RATHBONES,1.8775395300764567e-05
POLN,POLLEN STREET,442.19,4.4219,692.0,0.87,0.29,0.0006,0.01,uk,金融,资产管理,投资经理,Finance,Investment Managers,POLLEN STREET,7.703636818132738e-05
SMIN,史密斯集团,5619.3,56.193000000000005,1617.0,0.87,0.62,0.0044,0.01,uk,制造业,机械,电力设备,Producer Manufacturing,Electrical Products,SMITHS,0.0003011876583164982
RKT,利洁时,31002.83,310.0283,4394.0,0.87,0.85,0.0452,0.01,uk,消费,日常消费,个人护理,Consumer Non-Durables,Household/Personal Care,RECKITT BENCKISER,0.0023166205157985316
888,888,366.03,3.6603,81.45,0.87,1.8,0.0005,0.01,uk,消费,可选消费,电影娱乐,Consumer Services,Movies/Entertainment,888,0.00021694029136606888
LAND,土地证券集团,4808.25,48.0825,645.5,0.86,0.39,0.002,0.0,uk,金融,房地产,房地产投资信托,Finance,Real Estate Investment Trusts,LAND SECURITIES,0.00013850417712345177
AWE,ALPHAWAVE IP,860.8,8.607999999999999,118.0,0.85,5.13,0.0022,0.03,uk,科技,IT技术,软件开发,Technology Services,Packaged Software,ALPHAWAVE IP,0.0034311225478941857
JTC,JTC,1402.75,14.0275,845.0,0.84,0.48,0.0007000000000000001,0.01,uk,金融,资产管理,投资经理,Finance,Investment Managers,JTC,6.149421843686552e-05
HSX,HISCOX LTD,4201.43,42.014300000000006,1213.0,0.83,0.58,0.0005,0.0,uk,金融,保险,多险种保险,Finance,Multi-Line Insurance,HISCOX,3.354856798621164e-05
BKG,伯克利集团,4968.01,49.6801,4690.0,0.82,0.77,0.0086,0.02,uk,金融,房地产,房地产开发,Finance,Real Estate Development,BERKELEY,0.0005466822815314949
CURY,CURRYS,705.6,7.056,62.25,0.81,3.56,0.0004,0.0,uk,消费,经销商,批发经销商,Distribution Services,Wholesale Distributors,CURRYS,0.0003932320413559916
MNG,M&G,4747.66,47.4766,199.5,0.81,0.4,0.0083,0.02,uk,金融,资产管理,金融集团,Finance,Financial Conglomerates,M&G,0.0005216420799108785
TATE,TATE & LYLE,2566.83,25.6683,639.0,0.79,0.79,0.0009,0.0,uk,消费,食品饮料,零食,Consumer Non-Durables,Food: Specialty/Candy,TATE & LYLE,6.18202768788741e-05
AV.,AVIVA,12589.58,125.8958,462.1,0.79,0.48,0.0361,0.03,uk,金融,保险,多险种保险,Finance,Multi-Line Insurance,AVIVA,0.0018177276992500217
SLP,SYLVANIA PLATINUM LIMITED CMN S,170.04,1.7004,65.0,0.78,0.0,0.0012,0.07,uk,资源,矿产,其他金属,Non-Energy Minerals,Other Metals/Minerals,SYLVANIA PLATINUM CMN SHS USD0.01 (DI),0.00017338777567800056
LMP,LONDONMETRIC PROPERTY,4003.59,40.0359,196.2,0.77,0.62,0.011899999999999999,0.03,uk,金融,房地产,房地产投资信托,Finance,Real Estate Investment Trusts,LONDONMETRIC PROPERTY,0.0007114812443007245
BCPT,BALANCED COMMERCIAL PROPERTY TR,556.33,5.563300000000001,79.3,0.76,0.38,0.0002,0.0,uk,金融,房地产,房地产投资信托,Finance,Real Estate Investment Trusts,BALANCED COMM PROPERTY TRUST,1.9139930218117088e-05
BEZ,BEAZLEY,4457.0,44.57,663.5,0.76,0.68,0.005600000000000001,0.01,uk,金融,保险,专业保险,Finance,Specialty Insurance,BEAZLEY (UK),0.0003204325375120945
TBCG,TBC BANK,1844.61,18.446099999999998,3330.0,0.76,1.21,0.0012,0.01,uk,金融,银行,主要银行,Finance,Major Banks,TBC BANK,0.00017874466522878118
SSPG,SSP,1602.52,16.025199999999998,200.8,0.75,0.6,0.0006,0.0,uk,消费,可选消费,餐厅,Consumer Services,Restaurants,SSP,4.219787472801616e-05
BYG,BIG YELLOW,2107.14,21.071399999999997,1074.0,0.75,1.31,0.0002,0.0,uk,金融,房地产,房地产投资信托,Finance,Real Estate Investment Trusts,BIG YELLOW,3.2764388588397896e-05
HMSO,HAMMERSON,1340.11,13.4011,26.86,0.75,1.95,0.0007000000000000001,0.01,uk,金融,房地产,房地产投资信托,Finance,Real Estate Investment Trusts,HAMMERSON,0.00023767492691751066
EXPN,益博睿(益百利),29837.16,298.3716,3249.0,0.74,0.87,0.022400000000000003,0.01,uk,消费,商业服务,综合商业,Commercial Services,Miscellaneous Commercial Services,EXPERIAN,0.0011546034399281923
III,3I集团,27877.21,278.77209999999997,2864.0,0.74,0.67,0.0146,0.01,uk,金融,资产管理,投资经理,Finance,Investment Managers,3I,0.0005802948664147475
STAN,渣打集团,17837.87,178.37869999999998,687.8,0.73,1.14,0.0286,0.02,uk,金融,银行,主要银行,Finance,Major Banks,STANDARD CHARTERED,0.002481695269767267
KGF,翠丰集团,4666.36,46.663599999999995,248.9,0.73,0.85,0.0037,0.01,uk,消费,零售,家居装修,Retail Trade,Home Improvement Chains,KINGFISHER,0.0002528264756834231
BNZL,本泽商贸,10330.28,103.3028,3056.0,0.73,0.73,0.0060999999999999995,0.01,uk,消费,经销商,批发经销商,Distribution Services,Wholesale Distributors,BUNZL,0.00027836326787959064
SHED,URBAN LOGISTICS REIT,365.21,3.6521,112.4,0.72,1.08,0.0005,0.01,uk,金融,房地产,房地产投资信托,Finance,Real Estate Investment Trusts,URBAN LOGISTICS REIT,9.698759372708911e-05
NG.,英国国家电网,39224.73,392.24730000000005,1054.5,0.72,0.57,0.0264,0.01,uk,公用事业,电力,电力公司,Utilities,Electric Utilities,NATIONAL GRID,0.0009530590938854735
SGRO,思格卢公司,11366.59,113.66590000000001,849.4,0.71,0.64,0.0148,0.01,uk,金融,房地产,房地产投资信托,Finance,Real Estate Investment Trusts,SEGRO,0.0006338247591770194
ROR,ROTORK,2679.59,26.795900000000003,312.0,0.71,0.52,0.0005,0.0,uk,制造业,机械,机械加工设备,Producer Manufacturing,Industrial Machinery,ROTORK,2.8429385634718218e-05
SKG,司墨飞·卡帕集团,8945.11,89.45110000000001,3426.0,0.71,1.47,0.034,0.04,uk,制造业,化工,包装,Process Industries,Containers/Packaging,SMURFIT KAPPA,0.004968817991774006
BP.,英国石油,89094.34,890.9434,530.0,0.7,0.46,0.0958,0.01,uk,资源,能源,石油,Energy Minerals,Integrated Oil,BP,0.0029511977034570886
HTG,亨廷,597.91,5.9791,362.5,0.69,3.89,0.0009,0.01,uk,资源,能源,油服工程,Industrial Services,Oilfield Services/Equipment,HUNTING,0.0010535333553648098
WDS,WOODSIDE ENERGY,27945.47,279.4547,1466.0,0.69,1.24,0.0044,0.0,uk,资源,能源,油气生产,Energy Minerals,Oil & Gas Production,WOODSIDE ENERGY,0.0004074787057062611
AGR,ASSURA,1228.54,12.2854,41.16,0.68,1.27,0.0204,0.17,uk,金融,房地产,房地产投资信托,Finance,Real Estate Investment Trusts,ASSURA,0.00363143036788106
FGP,第一集团,1049.59,10.495899999999999,164.8,0.67,4.09,0.001,0.01,uk,制造业,运输,其他交通,Transportation,Other Transportation,FIRSTGROUP,0.001074899501931166
AET,AFENTRA,99.87,0.9987,45.5,0.66,1.11,0.0002,0.02,uk,资源,能源,油气生产,Energy Minerals,Oil & Gas Production,AFENTRA,6.07945009075907e-05
BUR,伯福德资本,2676.18,26.761799999999997,1221.0,0.66,1.65,0.0002,0.0,uk,金融,资产管理,金融租赁,Finance,Finance/Rental/Leasing,BURFORD CAPITAL,4.45568557147238e-05
INF,英富曼集团,10861.42,108.6142,799.6,0.65,0.65,0.0079,0.01,uk,科技,IT技术,互联网,Technology Services,Internet Software/Services,INFORMA,0.0002935691169332044
UTG,联合集团,4023.04,40.2304,923.0,0.65,0.87,0.018500000000000003,0.05,uk,金融,房地产,房地产开发,Finance,Real Estate Development,UNITE,0.0013541739246843312
VCT,威格斯,1074.01,10.7401,1234.0,0.65,1.14,0.0058,0.05,uk,制造业,化工,化学原料,Process Industries,Chemicals: Major Diversified,VICTREX,0.0008995227219894858
DGE,帝亚吉欧(UK),61874.46,618.7446,2777.0,0.65,0.87,0.10800000000000001,0.02,uk,消费,食品饮料,酒,Consumer Non-Durables,Beverages: Alcoholic,DIAGEO,0.005021625290091154
SYNT,SYNTHOMER,381.93,3.8193,233.5,0.65,2.59,0.0006,0.02,uk,制造业,化工,特殊化学品,Process Industries,Chemicals: Specialty,SYNTHOMER,0.0004448381928326887
GAW,GAMES WORKSHOP,3145.22,31.452199999999998,9545.0,0.63,1.05,0.002,0.01,uk,消费,可选消费,休闲产品,Consumer Durables,Recreational Products,GAMES WORKSHOP,0.00020992102528579
GNC,GREENCORE,605.63,6.0563,129.4,0.62,2.02,0.0003,0.01,uk,消费,食品饮料,零食,Consumer Non-Durables,Food: Specialty/Candy,GREENCORE,0.00013342980054532443
SPX,SPIRAX-SARCO ENGINEERING,6555.17,65.5517,8905.0,0.62,0.73,0.0079,0.01,uk,制造业,机械,机械加工设备,Producer Manufacturing,Industrial Machinery,SPIRAX-SARCO ENGINEERING,0.0003916655520154311
REL,RELX集团,61946.87,619.4687,3301.0,0.61,0.88,0.0643,0.01,uk,消费,商业服务,综合商业,Commercial Services,Miscellaneous Commercial Services,RELX GBP0.1444,0.003046315544125421
SPI,SPIRE HEALTHCARE,1004.27,10.0427,248.5,0.61,1.21,0.0002,0.0,uk,医药,健康服务,健康服务,Health Services,Hospital/Nursing Management,SPIRE HEALTHCARE,3.4746408494779285e-05
INVP,天达证券投资顾问,3296.78,32.967800000000004,511.0,0.59,2.26,0.0038,0.01,uk,金融,资产管理,投资银行,Finance,Investment Banks/Brokers,INVESTEC,0.0013069931156502008
QQ.,QINETIQ,1960.71,19.6071,343.2,0.59,0.7,0.0026,0.01,uk,制造业,机械,航空航天与国防,Electronic Technology,Aerospace & Defense,QINETIQ,0.00015505964710412818
ESNT,ESSENTRA,494.4,4.944,172.4,0.58,1.05,0.0006,0.01,uk,制造业,化工,特种工业品,Process Industries,Industrial Specialties,ESSENTRA,0.00010139485924825783
SAGA,SAGA,148.89,1.4889,105.0,0.57,2.11,0.0004,0.03,uk,消费,可选消费,其他消费者服务,Consumer Services,Other Consumer Services,SAGA,0.00029364360940259084
INCH,英之杰集团,3264.82,32.6482,790.5,0.57,2.54,0.0039000000000000003,0.01,uk,消费,零售,专卖店,Retail Trade,Specialty Stores,INCHCAPE,0.0016002502226946178
MER,MEARS,345.04,3.4504,352.0,0.57,2.0,0.002,0.06,uk,制造业,建筑业,住宅建筑,Consumer Durables,Homebuilding,MEARS,0.0010381841633203014
NFG,NEXT 15,885.63,8.8563,891.0,0.56,1.47,0.0022,0.02,uk,消费,商业服务,广告营销,Commercial Services,Advertising/Marketing Services,NEXT 15,0.000538260719261993
WTB,惠特贝瑞,5617.73,56.177299999999995,3045.0,0.56,0.59,0.0076,0.01,uk,消费,可选消费,酒店,Consumer Services,Hotels/Resorts/Cruise lines,WHITBREAD,0.000270145378620813
AAF,AIRTEL AFRICA,4092.08,40.9208,109.1,0.55,0.92,0.0028000000000000004,0.01,uk,科技,通信,电信运营,Communications,Wireless Telecommunications,AIRTEL AFRICA,0.00022397304954639157
CCL,嘉年华邮轮(UK),2050.35,20.5035,1092.5,0.55,0.87,0.0015,0.01,uk,消费,可选消费,酒店,Consumer Services,Hotels/Resorts/Cruise lines,CARNIVAL,0.00012736677880536068
SRP,SERCO,1989.04,19.8904,182.4,0.55,0.33,0.0015,0.01,uk,消费,商业服务,综合商业,Commercial Services,Miscellaneous Commercial Services,SERCO,5.9012555071483226e-05
CCC,COMPUTACENTER,2924.3,29.243000000000002,2562.0,0.55,1.33,0.0012,0.0,uk,科技,IT技术,信息技术,Technology Services,Information Technology Services,COMPUTACENTER,0.00018698284843664094
XPP,蔼克彼电源,260.97,2.6097,1102.0,0.55,3.28,0.0004,0.01,uk,制造业,机械,电力设备,Producer Manufacturing,Electrical Products,XP POWER,0.0004722046166140698
BVIC,BRITVIC,2165.48,21.6548,868.0,0.52,0.81,0.0006,0.0,uk,消费,食品饮料,饮料,Consumer Non-Durables,Beverages: Non-Alcoholic,BRITVIC,4.4670972584661785e-05
JHD,JAMES HALSTEAD,833.57,8.335700000000001,200.0,0.5,0.25,0.0001,0.0,uk,制造业,建筑业,建筑产品,Producer Manufacturing,Building Products,JAMES HALSTEAD,4.163963411387154e-06
ITH,ITHACA ENERGY,1217.25,12.1725,120.0,0.5,1.17,0.0074,0.06,uk,资源,能源,石油,Energy Minerals,Integrated Oil,ITHACA ENERGY,0.0011581228242646395
MGAM,摩根新材料,867.52,8.6752,304.0,0.5,1.32,0.0004,0.0,uk,制造业,化工,特种工业品,Process Industries,Industrial Specialties,MORGAN ADVANCED MATERIALS,8.305389509777146e-05
SVT,赛文特,7339.84,73.3984,2454.0,0.49,0.41,0.0049,0.01,uk,公用事业,水务,水务,Utilities,Water Utilities,SEVERN TRENT,0.00011996318582157024
PHLL,PETERSHILL PARTNERS,2300.74,23.007399999999997,205.5,0.49,2.69,0.0018,0.01,uk,金融,资产管理,金融集团,Finance,Financial Conglomerates,PETERSHILL PARTNERS,0.0008690099074555599
FDEV,FRONTIER DEVELOPMENTS,81.72,0.8172,207.0,0.49,1.46,0.0001,0.01,uk,消费,可选消费,休闲产品,Consumer Durables,Recreational Products,FRONTIER DEVELOPMENTS GBP0.005,4.9828681613367336e-05
FOUR,4IMPRINT,1788.96,17.8896,6350.0,0.47,2.22,0.001,0.01,uk,消费,商业服务,印刷,Commercial Services,Commercial Printing/Forms,4IMPRINT,0.00038472461561993337
IHR,IMPACT HEALTHCARE REIT,350.97,3.5097000000000005,84.7,0.47,0.24,0.0009,0.03,uk,金融,房地产,房地产投资信托,Finance,Real Estate Investment Trusts,IMPACT HEALTHCARE REIT,4.3393261159013404e-05
CWK,CRANSWICK,2290.43,22.9043,4240.0,0.47,2.73,0.0028000000000000004,0.01,uk,消费,食品饮料,肉蛋奶,Consumer Non-Durables,Food: Meat/Fish/Dairy,CRANSWICK,0.001382972684275994
JD.,JD SPORTS FASHION,6056.49,60.564899999999994,116.85,0.47,1.2,0.0473,0.08,uk,消费,零售,服装鞋类,Retail Trade,Apparel/Footwear Retail,JD SPORTS FASHION,0.00538762923192603
GNS,GENUS,1130.46,11.3046,1712.0,0.47,1.88,0.0002,0.0,uk,制造业,化工,农产品,Process Industries,Agricultural Commodities/Milling,GENUS,6.709973064625342e-05
IMB,帝国烟草,15856.95,158.5695,1836.0,0.47,0.77,0.0096,0.01,uk,消费,日常消费,烟草,Consumer Non-Durables,Tobacco,IMPERIAL BRANDS GBP0.10,0.0004456074575150261
MCB,MCBRIDE,191.42,1.9142,110.0,0.46,1.37,0.0001,0.01,uk,消费,日常消费,个人护理,Consumer Non-Durables,Household/Personal Care,MCBRIDE,3.479083832478398e-05
ANTO,安托法加斯塔公司,22053.61,220.5361,2237.0,0.45,1.71,0.013000000000000001,0.01,uk,资源,矿产,其他金属,Non-Energy Minerals,Other Metals/Minerals,ANTOFAGASTA,0.0020675641429320608
FRAS,FRASERS,3577.12,35.7712,794.0,0.44,0.76,0.003,0.01,uk,消费,零售,专卖店,Retail Trade,Specialty Stores,FRASERS,0.00017965797829399944
CABP,CAB PAYMENTS,346.65,3.4665,136.4,0.44,5.3,0.0004,0.01,uk,金融,银行,地区银行,Finance,Regional Banks,CAB PAYMENTS,0.0008530742468552622
SMSN,SAMSUNG ELECTRONICS CO LTD (ATT,3576.85,35.768499999999996,1393.0,0.43,0.58,0.0002,0.0,uk,科技,通信,通信设备,Electronic Technology,Telecommunications Equipment,SAMSUNG ELECTRONICS CO GDR EACH REP 25 COM STK KRW100(144A),7.564943125057982e-06
HLN,HALEON,30401.43,304.0143,332.9,0.42,1.21,0.023799999999999998,0.01,uk,消费,经销商,医疗经销商,Distribution Services,Medical Distributors,HALEON,0.002093000458839855
CRH,CRH公司,42733.3,427.333,6222.0,0.42,0.68,0.0239,0.01,uk,制造业,建筑业,建筑材料,Non-Energy Minerals,Construction Materials,CRH,0.0007738126297433905
RTO,能多洁,10406.15,104.0615,412.2,0.41,0.93,0.0132,0.01,uk,消费,商业服务,综合商业,Commercial Services,Miscellaneous Commercial Services,RENTOKIL INITIAL,0.0009001809468138831
GFRD,GALLIFORD TRY,249.53,2.4953,243.0,0.41,0.0,0.0003,0.01,uk,制造业,建筑业,建筑工程,Industrial Services,Engineering & Construction,GALLIFORD TRY,1.2652593573092374e-05
KITW,KITWAVE,267.47,2.6747,381.5,0.39,2.24,0.0004,0.01,uk,消费,经销商,食品经销商,Distribution Services,Food Distributors,KITWAVE,0.0002669337636212914
ENQ,ENQUEST,294.67,2.9467000000000003,15.38,0.39,5.48,0.0005,0.02,uk,资源,能源,油气生产,Energy Minerals,Oil & Gas Production,ENQUEST,0.001175163506173945
HOC,HOCHSCHILD MINING,824.16,8.2416,160.2,0.38,1.38,0.0013,0.02,uk,资源,矿产,贵金属,Non-Energy Minerals,Precious Metals,HOCHSCHILD MINING,0.0002937145812180798
GRG,GREGGS,2758.86,27.5886,2698.0,0.37,1.56,0.003,0.01,uk,消费,食品饮料,零食,Consumer Non-Durables,Food: Specialty/Candy,GREGGS,0.0006084194555773932
PLUS,PLUS500 LTD,1681.05,16.8105,2162.0,0.37,0.74,0.0011,0.01,uk,金融,资产管理,投资银行,Finance,Investment Banks/Brokers,PLUS500 LIMITED,7.475743577311836e-05
I3E,I3 ENERGY,133.95,1.3395,11.14,0.36,1.62,0.0007000000000000001,0.05,uk,资源,能源,油气生产,Energy Minerals,Oil & Gas Production,I3 ENERGY,0.00035425346359901195
RS1,RS,3367.86,33.6786,710.5,0.35,0.99,0.0024,0.01,uk,消费,经销商,批发经销商,Distribution Services,Wholesale Distributors,RS,0.00022554169478399282
BATS,英美烟草,52294.44,522.9444,2345.0,0.34,0.81,0.0617,0.01,uk,消费,日常消费,烟草,Consumer Non-Durables,Tobacco,BRITISH AMERICAN TOBACCO,0.0026066110063949237
PTEC,PLAYTECH,1377.91,13.779100000000001,445.5,0.34,1.91,0.0002,0.0,uk,科技,IT技术,软件开发,Technology Services,Packaged Software,PLAYTECH,6.533221693094198e-05
HSBA,汇丰控股,125362.26,1253.6226,664.1,0.33,0.38,0.1318,0.01,uk,金融,银行,主要银行,Finance,Major Banks,HSBC,0.0013438023683833035
JET,JUST EAT TAKEAWAY.COM N.V.,2661.59,26.6159,1210.0,0.33,1.49,0.0013,0.0,uk,制造业,运输,物流,Transportation,Air Freight/Couriers,JUST EAT TAKEAWAY.COMORD EUR0.04 (CDI),0.00024736416102778705
AJB,AJ BELL,1282.4,12.824000000000002,310.5,0.32,1.94,0.0006,0.0,uk,金融,资产管理,投资经理,Finance,Investment Managers,AJ BELL,0.00020441076973295338
CCH,可口可乐HBC,9365.22,93.6522,2562.0,0.31,0.55,0.009300000000000001,0.01,uk,消费,食品饮料,饮料,Consumer Non-Durables,Beverages: Non-Alcoholic,COCA-COLA HBC AG,0.0002662758416357373
BAB,巴布考克国际集团,2618.99,26.189899999999998,518.0,0.29,0.68,0.0027,0.01,uk,制造业,机械,工程机械,Producer Manufacturing,Trucks/Construction/Farm Machinery,BABCOCK INTERNATIONAL,0.00014343149436146885
KIST,KISTOS,143.77,1.4377000000000002,173.5,0.29,0.0,0.0022,0.15,uk,资源,能源,油气生产,Energy Minerals,Oil & Gas Production,KISTOS,5.9243302271857374e-05
BT.A,英国电信集团,10449.42,104.4942,105.0,0.29,0.76,0.013000000000000001,0.01,uk,科技,通信,电信运营,Communications,Major Telecommunications,BT,0.0006335166938216592
APH,ALLIANCE PHARMA,189.14,1.8914,35.0,0.29,2.15,0.0002,0.01,uk,医药,制药,主要制药,Health Technology,Pharmaceuticals: Major,ALLIANCE PHARMA,0.0001400640155743442
CHG,CHEMRING,997.66,9.9766,366.0,0.27,0.68,0.006,0.06,uk,制造业,机械,航空航天与国防,Electronic Technology,Aerospace & Defense,CHEMRING,0.00040387786173754864
UU.,联合公用事业集团,7040.5,70.405,1032.5,0.24,0.49,0.0039000000000000003,0.01,uk,公用事业,水务,水务,Utilities,Water Utilities,UNITED UTILITIES,9.622516963658163e-05
BME,B&M EUROPEAN VALUE RETAIL S.A.,5208.5,52.085,519.4,0.23,0.93,0.0051,0.01,uk,消费,零售,折扣店,Retail Trade,Discount Stores,B & M EUROPEAN VALUE RETAIL SA,0.00039555046410091557
GEN,GENUIT,1078.91,10.789100000000001,433.0,0.23,1.04,0.0364,0.34,uk,制造业,机械,综合制造,Producer Manufacturing,Miscellaneous Manufacturing,GENUIT,0.004860204791551041
JMAT,庄信万丰,3203.1,32.031,1746.0,0.23,1.21,0.0007000000000000001,0.0,uk,制造业,化工,化学原料,Process Industries,Chemicals: Major Diversified,JOHNSON MATTHEY,9.198496573902311e-05
NEXN,NEXXEN INTERNATIONAL LTD,317.02,3.1702,227.5,0.22,1.1,0.0001,0.0,uk,消费,商业服务,广告营销,Commercial Services,Advertising/Marketing Services,NEXXEN INTERNATIONAL,2.0881932870217775e-05
HFG,希尔顿食品集团,823.44,8.2344,919.0,0.22,2.62,0.0016,0.02,uk,消费,食品饮料,肉蛋奶,Consumer Non-Durables,Food: Meat/Fish/Dairy,HILTON FOOD,0.0009631680617440891
RNWH,RENEW,743.9,7.439,940.0,0.21,1.49,0.0006,0.01,uk,制造业,建筑业,建筑工程,Industrial Services,Engineering & Construction,RENEW,0.00015737117616894432
MAB,MITCHELLS & BUTLERS,1413.65,14.136500000000002,236.5,0.21,0.42,0.0001,0.0,uk,消费,可选消费,餐厅,Consumer Services,Restaurants,MITCHELLS & BUTLERS,2.666046337672524e-06
VSVS,VESUVIUS,1264.53,12.645299999999999,473.5,0.21,2.43,0.0003,0.0,uk,制造业,机械,综合制造,Producer Manufacturing,Miscellaneous Manufacturing,VESUVIUS,0.0001440381188203698
WG.,伍德集团,1026.0,10.26,148.3,0.2,3.04,0.0009,0.01,uk,消费,商业服务,综合商业,Commercial Services,Miscellaneous Commercial Services,JOHN WOOD,0.0006349987204040896
MSLH,MARSHALLS,648.86,6.4886,256.5,0.2,1.17,0.0077,0.12,uk,制造业,建筑业,建筑材料,Non-Energy Minerals,Construction Materials,MARSHALLS,0.0014309212454161658
API,ABRDN PROPERTY INCOME TRUST LIM,200.14,2.0014,52.5,0.19,0.0,0.0002,0.01,uk,金融,房地产,房地产投资信托,Finance,Real Estate Investment Trusts,ABRDN PROPERTY,2.2212345991023278e-06
DOM,达美乐比萨(UK),1290.81,12.9081,327.0,0.18,0.8,0.0006,0.0,uk,消费,可选消费,餐厅,Consumer Services,Restaurants,DOMINO'S PIZZA,4.9631679844035335e-05
GSK,葛兰素史克(UK),68121.1,681.211,1643.5,0.18,0.73,0.047,0.01,uk,医药,制药,主要制药,Health Technology,Pharmaceuticals: Major,GSK,0.0016095134203376292
SHC,SHAFTESBURY CAPITAL,1145.2,11.452,134.5,0.15,1.34,0.0013,0.01,uk,金融,房地产,房地产投资信托,Finance,Real Estate Investment Trusts,SHAFTESBURY CAPITAL,0.0002566309311022236
WIX,WICKES,360.91,3.6091,146.0,0.14,1.51,0.0016,0.04,uk,消费,零售,专卖店,Retail Trade,Specialty Stores,WICKES,0.0005310269317268904
CREI,CUSTODIAN PROPERTY INCOME REIT,332.84,3.3284,75.5,0.13,0.66,0.0001,0.0,uk,金融,房地产,房地产投资信托,Finance,Real Estate Investment Trusts,CUSTODIAN PROPERTY,8.813782233768799e-06
HFD,HALFORDS,336.71,3.3670999999999998,153.8,0.13,0.65,0.0038,0.11,uk,消费,零售,专卖店,Retail Trade,Specialty Stores,HALFORDS,0.00032515726802215966
WISE,WISE,8003.51,80.0351,781.0,0.13,1.35,0.0029,0.0,uk,消费,商业服务,综合商业,Commercial Services,Miscellaneous Commercial Services,WISE CLS A,0.0003781531829442538
CKN,克拉克森,1229.74,12.2974,4000.0,0.13,2.13,0.0002,0.0,uk,制造业,运输,海运,Transportation,Marine Shipping,CLARKSON,7.93657397542023e-05
COA,COATS,1287.84,12.8784,80.6,0.12,2.11,0.0005,0.0,uk,制造业,化工,纺织品,Process Industries,Textiles,COATS,0.00019330173782748585
CCR,C&C,643.95,6.439500000000001,165.0,0.12,0.73,0.0002,0.0,uk,消费,食品饮料,酒,Consumer Non-Durables,Beverages: Alcoholic,C&C,1.7141457280771026e-05
ASC,ASOS,410.27,4.1027,343.8,0.12,0.0,0.0002,0.01,uk,科技,IT技术,网络零售,Retail Trade,Internet Retail,ASOS,7.430347563840224e-07
MKS,马莎百货,5325.33,53.253299999999996,261.0,0.12,0.84,0.011899999999999999,0.02,uk,消费,零售,百货商店,Retail Trade,Department Stores,MARKS & SPENCER,0.0007766475655046647
ABF,英联食品,20261.81,202.61810000000003,2689.0,0.11,0.67,0.0121,0.01,uk,消费,食品饮料,主食,Consumer Non-Durables,Food: Major Diversified,ASSOCIATED BRITISH FOODS,0.00042701360763494584
HTWS,HELIOS TOWERS,975.85,9.7585,92.7,0.11,0.97,0.0001,0.0,uk,科技,通信,电信运营,Communications,Specialty Telecommunications,HELIOS TOWERS,1.2240444372417067e-05
SHEL,壳牌,186878.65,1868.7865,2904.0,0.1,0.52,0.24850000000000003,0.01,uk,资源,能源,石油,Energy Minerals,Integrated Oil,SHELL,0.00419852153541851
BLND,英国土地公司,3606.11,36.0611,388.8,0.1,0.62,0.0011,0.0,uk,金融,房地产,房地产投资信托,Finance,Real Estate Investment Trusts,BRITISH LAND CO,4.657351190493858e-05
NETW,NETWORK INTERNATIONAL,2097.96,20.9796,393.8,0.1,0.25,0.0025,0.01,uk,金融,银行,地区银行,Finance,Regional Banks,NETWORK INTL HLDGS,2.3716566361503348e-05
YCA,YELLOW CAKE,1338.0,13.38,617.0,0.08,0.73,0.0063,0.05,uk,消费,经销商,批发经销商,Distribution Services,Wholesale Distributors,YELLOW CAKE,0.00044288406193375586
ADM,Admiral集团,8251.85,82.5185,2694.0,0.07,0.93,0.0031,0.0,uk,金融,保险,财产/意外伤害保险,Finance,Property/Casualty Insurance,ADMIRAL,0.00022034850736472972
MNDI,英国蒙迪集团,7251.75,72.5175,1493.5,0.07,0.77,0.0176,0.02,uk,制造业,化工,包装,Process Industries,Containers/Packaging,MONDI,0.0009364553117325504
DPLM,DIPLOMA,4781.72,47.8172,3566.0,0.06,1.07,0.0036,0.01,uk,消费,经销商,批发经销商,Distribution Services,Wholesale Distributors,DIPLOMA,0.0003570591619431843
TSCO,乐购,20405.86,204.0586,289.9,0.03,0.97,0.0218,0.01,uk,消费,零售,食品零售,Retail Trade,Food Retail,TESCO,0.0014245363232405104
ENT,ENTAIN,5171.73,51.717299999999994,809.4,0.02,1.68,0.0053,0.01,uk,消费,可选消费,博彩,Consumer Services,Casinos/Gaming,ENTAIN,0.001057341865725844
ZPHR,ZEPHYR ENERGY,76.74,0.7674,4.55,0.0,0.0,0.0001,0.02,uk,资源,能源,油气生产,Energy Minerals,Oil & Gas Production,ZEPHYR ENERGY,0.0
ZOO,ZOO DIGITAL,35.72,0.35719999999999996,36.5,0.0,0.0,0.0001,0.02,uk,消费,可选消费,电影娱乐,Consumer Services,Movies/Entertainment,ZOO DIGITAL,0.0
ZED,ZENOVA,2.8,0.027999999999999997,2.0,0.0,0.0,0.0001,0.24,uk,制造业,化工,特种工业品,Process Industries,Industrial Specialties,ZENOVA,0.0
YU.,YU,306.8,3.068,1830.0,0.0,0.0,0.0003,0.01,uk,公用事业,燃气,燃气,Utilities,Gas Distributors,YU,0.0
YOU,舆观,1054.04,10.5404,900.0,0.0,0.0,0.0004,0.0,uk,消费,商业服务,综合商业,Commercial Services,Miscellaneous Commercial Services,YOUGOV,0.0
YNGN,YOUNG & CO'S BREWERY,149.72,1.4972,622.0,0.0,0.0,0.0002,0.01,uk,消费,可选消费,餐厅,Consumer Services,Restaurants,YOUNG & CO'S BREWERY NON VTG,0.0
YNGA,YOUNG & CO'S BREWERY,342.76,3.4276,996.0,0.0,0.0,0.0003,0.01,uk,消费,可选消费,餐厅,Consumer Services,Restaurants,YOUNG & CO'S BREWERY 'A'ORD GBP0.125,0.0
XSG,XEROS TECHNOLOGY,3.15,0.0315,1.4,0.0,0.0,0.0001,0.4,uk,制造业,机械,机械加工设备,Producer Manufacturing,Industrial Machinery,XEROS TECHNOLOGY,0.0
XAR,赛尔,95.11,0.9511,120.0,0.0,0.0,0.0003,0.04,uk,制造业,机械,机械加工设备,Producer Manufacturing,Industrial Machinery,XAAR,0.0
WYN,WYNNSTAY,79.88,0.7988,347.5,0.0,0.0,0.0001,0.01,uk,制造业,化工,农产品,Process Industries,Agricultural Commodities/Milling,WYNNSTAY,0.0
WPHO,WINDAR PHOTONICS,39.42,0.3942,48.5,0.0,0.0,0.0001,0.03,uk,科技,电子,仪器设备,Electronic Technology,Electronic Equipment/Instruments,WINDAR PHOTONICS,0.0
WJG,WATKIN JONES,111.55,1.1155,43.5,0.0,0.0,0.0001,0.01,uk,制造业,建筑业,住宅建筑,Consumer Durables,Homebuilding,WATKIN JONES,0.0
WIN,WINCANTON,759.66,7.5966,603.0,0.0,0.17,0.0275,0.36,uk,制造业,运输,物流,Transportation,Air Freight/Couriers,WINCANTON,0.0001651098900303944
W7L,WARPAINT LONDON,374.7,3.747,485.0,0.0,0.0,0.0014000000000000002,0.04,uk,消费,经销商,医疗经销商,Distribution Services,Medical Distributors,WARPAINT LONDON,0.0
VTU,VERTU MOTORS,228.89,2.2889,67.8,0.0,3.24,0.0009,0.04,uk,消费,零售,专卖店,Retail Trade,Specialty Stores,VERTU MOTORS,0.0010880754761460098
URAH,URA,5.52,0.0552,2.0,0.0,0.0,0.0001,0.09,uk,资源,矿产,其他金属,Non-Energy Minerals,Other Metals/Minerals,URA,0.0
TYT,丰田汽车(UK),474374.34,4743.7434,3497.0,0.0,0.0,0.0022,0.0,uk,制造业,汽车,汽车整车,Consumer Durables,Motor Vehicles,TOYOTA MOTOR CORP NPV,0.0
TUNE,FOCUSRITE,207.66,2.0766,354.0,0.0,0.0,0.0001,0.0,uk,科技,通信,通信设备,Electronic Technology,Telecommunications Equipment,FOCUSRITE,0.0
TTG,TT ELECTRONICS,308.78,3.0877999999999997,174.0,0.0,0.0,0.0001,0.0,uk,科技,电子,元器件,Electronic Technology,Electronic Components,TT ELECTRONICS,0.0
TTE,TOTALENERGIES SE TOTALENERGIES,1625.44,16.2544,68.1,0.0,0.0,0.0001,0.0,uk,资源,能源,石油,Energy Minerals,Integrated Oil,TOTALENERGIES SE EUR2.5,0.0
TRR,TRIDENT ROYALTIES,101.85,1.0185,34.75,0.0,0.0,0.0001,0.01,uk,资源,矿产,贵金属,Non-Energy Minerals,Precious Metals,TRIDENT ROYALTIES,0.0
TRP,TOWER RESOURCES,3.33,0.0333,0.02,0.0,0.0,0.0001,0.33,uk,资源,能源,油气生产,Energy Minerals,Oil & Gas Production,TOWER RESOURCES,0.0
TRIN,TRINITY EXPLORATION & PRODUCTIO,15.13,0.15130000000000002,39.0,0.0,0.0,0.0003,0.22,uk,资源,能源,油气生产,Energy Minerals,Oil & Gas Production,TRINITY EXPLORATION & PRODUCTION,0.0
TRCS,TRACSIS,250.81,2.5081,830.0,0.0,0.0,0.0001,0.0,uk,科技,IT技术,软件开发,Technology Services,Packaged Software,TRACSIS,0.0
TPFG,PROPERTY FRANCHISE,122.57,1.2257,380.0,0.0,0.0,0.0005,0.04,uk,金融,房地产,房地产开发,Finance,Real Estate Development,PROPERTY FRANCHISE,0.0
TMIP,TAYLOR MARITIME INVESTMENTS LIM,254.27,2.5427,77.0,0.0,0.0,0.0002,0.01,uk,金融,资产管理,金融集团,Finance,Financial Conglomerates,TAYLOR MARITIME INVESTMENTS,0.0
TM17,TEAM17,393.67,3.9367,270.0,0.0,0.0,0.0006,0.01,uk,科技,IT技术,软件开发,Technology Services,Packaged Software,TEAM17,0.0
TLY,TOTALLY,9.34,0.0934,4.75,0.0,0.0,0.0001,0.13,uk,医药,健康服务,健康服务,Health Services,Medical/Nursing Services,TOTALLY,0.0
TIFS,TI FLUID SYSTEMS,740.68,7.4068,145.6,0.0,0.0,0.0038,0.05,uk,制造业,汽车,汽车零部件,Producer Manufacturing,Auto Parts: OEM,TI FLUID SYSTEMS,0.0
THRU,THRUVISION,28.98,0.2898,18.0,0.0,0.0,0.0001,0.02,uk,制造业,机械,航空航天与国防,Electronic Technology,Aerospace & Defense,THRUVISION,0.0
TGR,TIRUPATI GRAPHITE,7.47,0.0747,5.75,0.0,0.0,0.0001,0.07,uk,制造业,机械,电力设备,Producer Manufacturing,Electrical Products,TIRUPATI GRAPHITE,0.0
TERN,TERN,11.11,0.11109999999999999,2.6,0.0,0.0,0.0001,0.06,uk,金融,资产管理,投资经理,Finance,Investment Managers,TERN,0.0
TEP,TELECOM PLUS,1317.36,13.173599999999999,1670.0,0.0,2.87,0.0008,0.01,uk,公用事业,电力,电力公司,Utilities,Electric Utilities,TELECOM PLUS,0.00048616687664068
STG,STRIP TINNING,7.11,0.0711,39.0,0.0,0.0,0.0003,0.36,uk,科技,电子,元器件,Electronic Technology,Electronic Components,STRIP TINNING,0.0
STAR,STAR ENERGY,15.55,0.1555,12.075,0.0,0.0,0.0001,0.04,uk,资源,能源,油气生产,Energy Minerals,Oil & Gas Production,STAR ENERGY,0.0
STAF,STAFFLINE,44.76,0.4476,30.0,0.0,0.0,0.0001,0.01,uk,消费,商业服务,人力资源,Commercial Services,Personnel Services,STAFFLINE,0.0
SRT,SRT MARINE SYSTEMS,50.09,0.5009,22.5,0.0,0.0,0.0002,0.03,uk,科技,通信,通信设备,Electronic Technology,Telecommunications Equipment,SRT MARINE SYSTEMS,0.0
SRC,SIGMAROC,409.75,4.0975,64.2,0.0,0.0,0.0003,0.01,uk,制造业,建筑业,建筑材料,Non-Energy Minerals,Construction Materials,SIGMAROC,0.0
SRB,SERABI GOLD,46.2,0.462,61.0,0.0,0.0,0.0006,0.12,uk,资源,矿产,贵金属,Non-Energy Minerals,Precious Metals,SERABI GOLD,0.0
SPR,SPRINGFIELD PROPERTIES,111.55,1.1155,94.0,0.0,0.0,0.0001,0.01,uk,金融,房地产,房地产开发,Finance,Real Estate Development,SPRINGFIELD PROPERTIES,0.0
SPEC,INSPECS,56.43,0.5643,55.5,0.0,0.0,0.0011,0.19,uk,医药,医疗,医疗器械,Health Technology,Medical Specialties,INSPECS,0.0
SPA,1SPATIAL,67.06,0.6706,60.5,0.0,0.0,0.0001,0.01,uk,科技,IT技术,互联网,Technology Services,Internet Software/Services,1SPATIAL,0.0
SOM,朔马珞企业,184.68,1.8468,335.0,0.0,0.0,0.0003,0.02,uk,制造业,机械,工程机械,Producer Manufacturing,Trucks/Construction/Farm Machinery,SOMERO ENTERPRISES,0.0
SOLI,SOLID STATE,155.96,1.5596,1375.0,0.0,0.0,0.0001,0.0,uk,消费,经销商,电子产品经销商,Distribution Services,Electronics Distributors,SOLIDE,0.0
SOHO,TRIPLE POINT SOCIAL HOUSING REI,239.23,2.3923,60.8,0.0,0.0,0.0001,0.0,uk,金融,房地产,房地产投资信托,Finance,Real Estate Investment Trusts,TRIPLE POINT SOCIAL HSG REIT,0.0
SND,SONDREL (HOLDINGS),3.5,0.035,4.0,0.0,0.0,0.0001,0.29,uk,科技,电子,半导体,Electronic Technology,Semiconductors,SONDREL (HOLDINGS),0.0
SMRT,SMARTSPACE SOFTWARE,26.05,0.2605,90.0,0.0,0.0,0.0005,0.21,uk,科技,IT技术,软件开发,Technology Services,Packaged Software,SMARTSPACE SOFTWARE,0.0
SMJ,SMART (J.) & CO. (CONTRACTORS),49.33,0.49329999999999996,125.0,0.0,0.0,0.0002,0.04,uk,制造业,建筑业,住宅建筑,Consumer Durables,Homebuilding,SMART(J.)& CO(CONTRACTORS),0.0
SHOE,SHOE ZONE,92.45,0.9245,200.0,0.0,0.0,0.0001,0.01,uk,消费,日常消费,服装鞋类,Consumer Non-Durables,Apparel/Footwear,SHOE ZONE,0.0
SHI,SIG,319.02,3.1902,27.0,0.0,0.19,0.0001,0.0,uk,消费,经销商,批发经销商,Distribution Services,Wholesale Distributors,SIG,9.582878431909943e-07
SHG,SHANTA GOLD LIMITED,155.09,1.5509,14.75,0.0,0.0,0.0006,0.04,uk,资源,矿产,贵金属,Non-Energy Minerals,Precious Metals,SHANTA GOLD,0.0
SENX,SERINUS ENERGY,3.38,0.0338,3.05,0.0,0.0,0.0002,0.69,uk,资源,能源,油气生产,Energy Minerals,Oil & Gas Production,SERINUS ENERGY,0.0
SBDS,SILVER BULLET DATA SERVICES GRO,16.16,0.1616,92.5,0.0,0.0,0.0001,0.08,uk,消费,商业服务,综合商业,Commercial Services,Miscellaneous Commercial Services,SILVER BULLET DATA SERVICES,0.0
SAV,SAVANNAH RESOURCES,60.33,0.6033,3.3,0.0,0.0,0.0002,0.04,uk,资源,矿产,其他金属,Non-Energy Minerals,Other Metals/Minerals,SAVANNAH RESOURCES,0.0
SAR,SAREUM,28.05,0.2805,26.25,0.0,0.0,0.0024,0.85,uk,公共事业,综合,综合,Miscellaneous,Miscellaneous,SAREUM,0.0
SAA,M&C SAATCHI,228.62,2.2862,187.0,0.0,0.0,0.0001,0.0,uk,消费,商业服务,广告营销,Commercial Services,Advertising/Marketing Services,M&CCHI,0.0
RWA,ROBERT WALTERS,285.09,2.8508999999999998,394.0,0.0,0.0,0.0005,0.02,uk,消费,商业服务,人力资源,Commercial Services,Personnel Services,ROBERT WALTERS,0.0
RUA,RUA LIFE SCIENCES,6.36,0.0636,10.25,0.0,0.0,0.0001,0.22,uk,医药,医疗,医疗器械,Health Technology,Medical Specialties,RUA LIFE SCIENCES,0.0
RST,RESTORE,304.1,3.0410000000000004,222.5,0.0,0.0,0.0002,0.01,uk,消费,商业服务,综合商业,Commercial Services,Miscellaneous Commercial Services,RESTORE GBP GBP0.05,0.0
ROQ,ROQUEFORT THERAPEUTICS,5.88,0.0588,4.55,0.0,0.0,0.0001,0.17,uk,医药,制药,主要制药,Health Technology,Pharmaceuticals: Major,ROQUEFORT THERAPEUTICS,0.0
RESI,RESIDENTIAL SECURE INCOME,93.32,0.9331999999999999,50.4,0.0,0.0,0.0001,0.01,uk,金融,房地产,房地产投资信托,Finance,Real Estate Investment Trusts,RESIDENTIAL SECURE,0.0
RENX,RENALYTIX,32.53,0.32530000000000003,25.5,0.0,0.0,0.0001,0.04,uk,科技,IT技术,软件开发,Technology Services,Packaged Software,RENALYTIX,0.0
REAT,REACT,15.3,0.153,71.0,0.0,0.0,0.0001,0.05,uk,消费,可选消费,电影娱乐,Consumer Services,Movies/Entertainment,REACT,0.0
RCH,REACH,220.04,2.2004,69.2,0.0,0.0,0.0001,0.0,uk,消费,可选消费,出版：报纸,Consumer Services,Publishing: Newspapers,REACH,0.0
RCDO,里卡多,279.98,2.7998000000000003,450.0,0.0,0.0,0.0001,0.0,uk,消费,商业服务,综合商业,Commercial Services,Miscellaneous Commercial Services,RICARDO,0.0
RBW,RAINBOW RARE EARTHS LIMITED,65.24,0.6524,10.35,0.0,0.0,0.0002,0.02,uk,资源,矿产,其他金属,Non-Energy Minerals,Other Metals/Minerals,RAINBOW RARE EARTHS,0.0
RBGP,ROSENBLATT,15.12,0.1512,11.75,0.0,0.0,0.0002,0.11,uk,消费,商业服务,综合商业,Commercial Services,Miscellaneous Commercial Services,RBG,0.0
QTX,QUARTIX TECHNOLOGIES,75.01,0.7501000000000001,155.0,0.0,0.0,0.0001,0.01,uk,消费,经销商,电子产品经销商,Distribution Services,Electronics Distributors,QUARTIX TECHNOLOGIES,0.0
QED,QUADRISE,25.46,0.2546,1.703,0.0,0.0,0.0001,0.04,uk,制造业,化工,特种工业品,Process Industries,Industrial Specialties,QUADRISE,0.0
QBT,QUANTUM BLOCKCHAIN TECHNOLOGIES,13.56,0.1356,1.05,0.0,0.0,0.0001,0.07,uk,金融,资产管理,金融集团,Finance,Financial Conglomerates,QUANTUM BLOCKCHAIN TECHNOLOGIES,0.0
PXC,PHOENIX COPPER LIMITED,21.24,0.21239999999999998,14.25,0.0,0.0,0.0001,0.06,uk,资源,矿产,其他金属,Non-Energy Minerals,Other Metals/Minerals,PHOENIX COPPER LIMITED (BVI),0.0
PRSR,PRS REIT (THE),434.46,4.3446,79.1,0.0,0.0,0.0003,0.01,uk,金融,房地产,房地产投资信托,Finance,Real Estate Investment Trusts,PRS REIT (THE),0.0
PRIM,PRIMORUS INVESTMENTS,5.94,0.0594,4.25,0.0,0.0,0.0001,0.09,uk,资源,矿产,贵金属,Non-Energy Minerals,Precious Metals,PRIMORUS INVESTMENTS,0.0
PREM,PREMIER AFRICAN MINERALS LIMITE,56.27,0.5627,0.19,0.0,0.0,0.0001,0.01,uk,资源,矿产,其他金属,Non-Energy Minerals,Other Metals/Minerals,PREMIER AFRICAN MINERALS,0.0
PPHC,PUBLIC POLICY HOLDING COMPANY,141.42,1.4142,122.5,0.0,0.0,0.0001,0.0,uk,消费,商业服务,综合商业,Commercial Services,Miscellaneous Commercial Services,PUBLIC POL HLDG CO,0.0
POLB,POOLBEG PHARMA,58.0,0.58,11.6,0.0,0.0,0.0004,0.08,uk,医药,制药,主要制药,Health Technology,Pharmaceuticals: Major,POOLBEG PHARMA,0.0
PMP,PORTMEIRION,35.68,0.3568,255.0,0.0,0.0,0.0001,0.02,uk,消费,可选消费,家居摆设,Consumer Durables,Home Furnishings,PORTMEIRION,0.0
PHAR,PHAROS ENERGY,96.7,0.9670000000000001,23.0,0.0,0.0,0.0001,0.02,uk,资源,能源,油气生产,Energy Minerals,Oil & Gas Production,PHAROS ENERGY,0.0
PFC,PETROFAC LIMITED,123.67,1.2367,23.54,0.0,0.0,0.0001,0.01,uk,制造业,建筑业,建筑工程,Industrial Services,Engineering & Construction,PETROFAC,0.0
PEB,PEBBLE BEACH SYSTEMS,11.96,0.11960000000000001,10.5,0.0,0.0,0.0001,0.05,uk,科技,IT技术,软件开发,Technology Services,Packaged Software,PEBBLE BEACH SYSTEMS,0.0
PDL,佩特拉钻石,4000.56,40.0056,41.2,0.0,0.0,0.0001,0.0,uk,资源,矿产,其他金属,Non-Energy Minerals,Other Metals/Minerals,PETRA DIAMONDS,0.0
PBEE,PENSIONBEE,309.26,3.0926,138.0,0.0,0.0,0.0002,0.01,uk,金融,资产管理,投资经理,Finance,Investment Managers,PENSIONBEE,0.0
OPTI,OPTIBIOTIX HEALTH,17.38,0.17379999999999998,17.75,0.0,0.0,0.0001,0.04,uk,医药,医疗,生物技术,Health Technology,Biotechnology,OPTIBIOTIX HEALTH,0.0
OMG,OXFORD METRICS,138.67,1.3866999999999998,105.5,0.0,0.0,0.0002,0.01,uk,科技,电子,仪器设备,Electronic Technology,Electronic Equipment/Instruments,OXFORD METRICS,0.0
OCTP,OXFORD CANNABINOID TECHNOLOGIES,4.03,0.0403,0.37,0.0,0.0,0.0001,0.23,uk,医药,制药,主要制药,Health Technology,Pharmaceuticals: Major,OXFORD CANNABINOID TECH HLDGS,0.0
OBD,OXFORD BIODYNAMICS,16.59,0.1659,8.2,0.0,0.0,0.0001,0.04,uk,医药,医疗,生物技术,Health Technology,Biotechnology,OXFORD BIODYNAMICS,0.0
NXQ,NEXTEQ,100.14,1.0014,150.5,0.0,0.0,0.0003,0.03,uk,消费,可选消费,休闲产品,Consumer Durables,Recreational Products,NEXTEQ,0.0
NWOR,NATIONAL WORLD,36.13,0.3613,13.5,0.0,0.0,0.0001,0.04,uk,科技,IT技术,互联网,Technology Services,Internet Software/Services,NATIONAL WORLD,0.0
NWF,NWF,108.77,1.0877,220.0,0.0,0.0,0.0001,0.01,uk,消费,经销商,食品经销商,Distribution Services,Food Distributors,NWF,0.0
NCYT,NOVACYT S.A. EUR1/15TH (CDI),48.04,0.4804,68.1,0.0,0.0,0.0001,0.03,uk,医药,医疗,医疗器械,Health Technology,Medical Specialties,NOVACYT EUR0.0667 (CDI),0.0
NARF,NARF INDUSTRIES,18.67,0.1867,1.1,0.0,0.0,0.0001,0.07,uk,科技,IT技术,信息技术,Technology Services,Information Technology Services,NARF INDUSTRIES,0.0
N91,NINETY ONE,1022.97,10.229700000000001,164.3,0.0,0.73,0.001,0.01,uk,金融,资产管理,投资经理,Finance,Investment Managers,NINETY ONE,7.538402896921976e-05
MTW,MATTIOLI WOODS,412.27,4.1227,793.0,0.0,0.0,0.0001,0.0,uk,消费,商业服务,综合商业,Commercial Services,Miscellaneous Commercial Services,MATTIOLI WOODS,0.0
MTRO,METRO BANK,221.65,2.2165,32.95,0.0,0.0,0.0001,0.0,uk,金融,银行,地区银行,Finance,Regional Banks,METRO BANK,0.0
MTL,METALS EXPLORATION,99.98,0.9998,4.75,0.0,0.0,0.0003,0.03,uk,资源,矿产,贵金属,Non-Energy Minerals,Precious Metals,METALS EXPLORATION(UK),0.0
MTEC,MADE TECH,19.78,0.1978,13.25,0.0,0.0,0.0003,0.13,uk,科技,IT技术,数据处理,Technology Services,Data Processing Services,MADE TECH,0.0
MPAC,MPAC,87.02,0.8702,425.0,0.0,0.0,0.0011,0.12,uk,制造业,机械,机械加工设备,Producer Manufacturing,Industrial Machinery,MPAC,0.0
MOON,MOONPIG,532.13,5.3213,155.0,0.0,3.74,0.0088,0.17,uk,科技,IT技术,互联网,Technology Services,Internet Software/Services,MOONPIG,0.010077272730803265
MIDW,MIDWICH,453.47,4.5347,435.0,0.0,0.0,0.0002,0.0,uk,消费,经销商,批发经销商,Distribution Services,Wholesale Distributors,MIDWICH,0.0
MBH,MICHELMERSH BRICK,90.87,0.9087000000000001,97.0,0.0,0.0,0.0002,0.02,uk,制造业,建筑业,建筑材料,Non-Energy Minerals,Construction Materials,MICHELMERSH BRICK HLDGS,0.0
MAW,丸和,4119.05,41.1905,33293.34,0.0,0.0,0.002,0.0,uk,制造业,机械,电力设备,Producer Manufacturing,Electrical Products,MARUWA CO NPV,0.0
MATD,PETRO MATAD LIMITED,26.51,0.2651,2.95,0.0,0.0,0.0005,0.18,uk,资源,能源,油气生产,Energy Minerals,Oil & Gas Production,PETRO MATAD,0.0
MAB1,MORTGAGE ADVICE BUREAU (HOLDING,504.08,5.0408,882.0,0.0,0.0,0.0001,0.0,uk,金融,资产管理,金融租赁,Finance,Finance/Rental/Leasing,MORTGAGE ADVICE BUREAU (HOLDINGS),0.0
LRE,兰开夏郡控股,1433.86,14.3386,589.0,0.0,2.04,0.0002,0.0,uk,金融,保险,财产/意外伤害保险,Finance,Property/Casualty Insurance,LANCASHIRE HLDGS COM SHS USD0.50,7.14993139310286e-05
LIT,LITIGATION CAPITAL MANAGEMENT L,137.39,1.3739,117.5,0.0,0.0,0.0001,0.0,uk,消费,商业服务,综合商业,Commercial Services,Miscellaneous Commercial Services,LITIGATION CAPITAL MGMT,0.0
LIKE,LIKEWISE,40.43,0.4043,16.5,0.0,0.0,0.0003,0.07,uk,消费,经销商,批发经销商,Distribution Services,Wholesale Distributors,LIKEWISE,0.0
LGRS,LOUNGERS,239.65,2.3965,231.0,0.0,0.0,0.0011,0.05,uk,消费,可选消费,餐厅,Consumer Services,Restaurants,LOUNGERS,0.0
KOO,KOOTH,95.27,0.9527,262.0,0.0,0.0,0.0002,0.02,uk,医药,健康服务,健康服务,Health Services,Medical/Nursing Services,KOOTH,0.0
KOD,KODAL MINERALS,94.12,0.9412,0.465,0.0,0.0,0.0004,0.04,uk,资源,矿产,其他金属,Non-Energy Minerals,Other Metals/Minerals,KODAL MINERALS,0.0
KMK,KROMEK,46.79,0.4679,7.5,0.0,0.0,0.0001,0.02,uk,医药,医疗,医疗器械,Health Technology,Medical Specialties,KROMEK,0.0
KINO,KINOVO,26.43,0.2643,42.0,0.0,0.0,0.0002,0.09,uk,制造业,建筑业,建筑工程,Industrial Services,Engineering & Construction,KINOVO,0.0
KEYS,KEYSTONE LAW,203.28,2.0328,650.0,0.0,0.0,0.0001,0.0,uk,消费,商业服务,综合商业,Commercial Services,Miscellaneous Commercial Services,KEYSTONE LAW,0.0
JNEO,JOURNEO,43.33,0.43329999999999996,263.0,0.0,0.0,0.0002,0.04,uk,科技,电子,计算机通讯,Electronic Technology,Computer Communications,JOURNEO,0.0
JLP,JUBILEE METALS,196.91,1.9691,6.6,0.0,0.0,0.0001,0.01,uk,资源,矿产,其他金属,Non-Energy Minerals,Other Metals/Minerals,JUBILEE METALS,0.0
INSE,INSPIRED,92.96,0.9296,88.5,0.0,0.0,0.0003,0.04,uk,消费,商业服务,综合商业,Commercial Services,Miscellaneous Commercial Services,INSPIRED,0.0
IES,INVINITY ENERGY SYSTEMS,46.33,0.4633,24.25,0.0,0.0,0.0001,0.03,uk,制造业,机械,电力设备,Producer Manufacturing,Electrical Products,INVINITY ENERGY SYSTEMS,0.0
IDOX,IDOX,294.92,2.9492000000000003,64.2,0.0,0.0,0.0004,0.01,uk,科技,IT技术,软件开发,Technology Services,Packaged Software,IDOX,0.0
HVO,HVIVO,194.59,1.9459,28.6,0.0,0.0,0.0005,0.02,uk,消费,商业服务,综合商业,Commercial Services,Miscellaneous Commercial Services,HVIVO,0.0
HSP,HARGREAVES SERVICES,184.37,1.8437000000000001,562.0,0.0,0.0,0.0003,0.02,uk,消费,商业服务,综合商业,Commercial Services,Miscellaneous Commercial Services,HARGREAVES SERVICES,0.0
HEMO,HEMOGENYX PHARMACEUTICALS,21.27,0.2127,1.585,0.0,0.0,0.0001,0.04,uk,医药,医疗,生物技术,Health Technology,Biotechnology,HEMOGENYX PHARMACEUTICALS,0.0
HE1,HELIUM ONE GLOBAL LTD,45.08,0.4508,1.325,0.0,0.0,0.0013,0.29,uk,资源,能源,油气生产,Energy Minerals,Oil & Gas Production,HELIUM ONE GLOBAL,0.0
HAT,H&T,182.55,1.8255000000000001,415.0,0.0,0.0,0.0001,0.0,uk,金融,资产管理,金融租赁,Finance,Finance/Rental/Leasing,H & T,0.0
HARL,HARLAND & WOLFF,22.06,0.2206,12.75,0.0,0.0,0.0002,0.11,uk,资源,能源,油气管道,Industrial Services,Oil & Gas Pipelines,HARLAND & WOLFF,0.0
GWMO,GREAT WESTERN MINING CORPORATIO,3.19,0.0319,0.045,0.0,0.0,0.0001,0.27,uk,资源,矿产,贵金属,Non-Energy Minerals,Precious Metals,GREAT WESTERN MINING CORP,0.0
GTLY,GATELEY (HOLDINGS),159.28,1.5928,121.0,0.0,0.0,0.0001,0.0,uk,消费,商业服务,综合商业,Commercial Services,Miscellaneous Commercial Services,GATELEY HLDGS,0.0
GST,GOLDEN SAINT TECHNOLOGIES LIMIT,19.55,0.1955,0.99,0.0,0.0,0.0002,0.12,uk,制造业,建筑业,建筑工程,Industrial Services,Engineering & Construction,GSTECHNOLOGIES,0.0
GMET,GOLDEN METAL RESOURCES,14.23,0.1423,15.0,0.0,0.0,0.0001,0.04,uk,资源,矿产,其他金属,Non-Energy Minerals,Other Metals/Minerals,GOLDEN METAL RESOURCES,0.0
GGP,GREATLAND GOLD,282.01,2.8201,5.54,0.0,0.0,0.0039000000000000003,0.14,uk,资源,矿产,贵金属,Non-Energy Minerals,Precious Metals,GREATLAND GOLD,0.0
GFM,格瑞芬矿业,269.41,2.6941,146.0,0.0,2.74,0.0008,0.03,uk,资源,矿产,贵金属,Non-Energy Minerals,Precious Metals,GRIFFIN MINING,0.0007188631659650964
GDWN,GOODWIN,501.64,5.0164,6680.0,0.0,0.0,0.0002,0.0,uk,制造业,机械,机械加工设备,Producer Manufacturing,Industrial Machinery,GOODWIN,0.0
GDR,GENEDRIVE,8.05,0.0805,5.625,0.0,0.0,0.0001,0.09,uk,医药,医疗,医疗器械,Health Technology,Medical Specialties,GENEDRIVE,0.0
GCM,GCM RESOURCES,18.65,0.1865,6.75,0.0,0.0,0.0005,0.28,uk,资源,能源,煤炭,Energy Minerals,Coal,GCM RESOURCES,0.0
FUM,FUTURA MEDICAL,106.71,1.0671,35.4,0.0,0.14,0.0001,0.01,uk,医药,制药,其他制药,Health Technology,Pharmaceuticals: Other,FUTURA MEDICAL,7.592901572578473e-07
FSG,FORESIGHT,515.19,5.1519,444.0,0.0,0.0,0.0001,0.0,uk,金融,资产管理,投资经理,Finance,Investment Managers,FORESIGHT,0.0
FRAN,FRANCHISE BRANDS,382.72,3.8272000000000004,197.5,0.0,0.0,0.0003,0.01,uk,消费,商业服务,综合商业,Commercial Services,Miscellaneous Commercial Services,FRANCHISE BRANDS,0.0
FOG,FALCON OIL & GAS LTD. COM SHS N,72.77,0.7277,6.6,0.0,0.0,0.0002,0.03,uk,资源,能源,油气生产,Energy Minerals,Oil & Gas Production,FALCON OIL & GAS COM(DI),0.0
FNX,FONIX MOBILE,244.96,2.4496,247.5,0.0,0.0,0.0003,0.01,uk,科技,IT技术,软件开发,Technology Services,Packaged Software,FONIX MOBILE,0.0
FLO,FLOWTECH FLUIDPOWER,68.56,0.6856,111.5,0.0,0.0,0.0003,0.04,uk,消费,经销商,批发经销商,Distribution Services,Wholesale Distributors,FLOWTECH FLUIDPOWER,0.0
FEVR,蓝桉树饮料,1273.05,12.7305,1091.0,0.0,1.65,0.0007000000000000001,0.01,uk,消费,食品饮料,饮料,Consumer Non-Durables,Beverages: Non-Alcoholic,FEVERTREE DRINKS,0.00018628216543239718
FEN,FRENKEL TOPPING,68.49,0.6849,53.5,0.0,0.0,0.0001,0.01,uk,金融,资产管理,投资经理,Finance,Investment Managers,FRENKEL TOPPING,0.0
EYE,EAGLE EYE SOLUTIONS,139.18,1.3918000000000001,470.0,0.0,0.0,0.0001,0.01,uk,消费,商业服务,印刷,Commercial Services,Commercial Printing/Forms,EAGLE EYE SOLUTIONS,0.0
EUA,EURASIA MINING,42.97,0.42969999999999997,1.5,0.0,0.0,0.0001,0.01,uk,资源,矿产,其他金属,Non-Energy Minerals,Other Metals/Minerals,EURASIA MINING,0.0
ETX,E-THERAPEUTICS,56.1,0.561,9.6,0.0,0.0,0.0001,0.01,uk,医药,医疗,生物技术,Health Technology,Biotechnology,E-THERAPEUTICS,0.0
EST,EAST STAR RESOURCES,7.43,0.07429999999999999,3.4,0.0,0.0,0.0003,0.38,uk,消费,商业服务,综合商业,Commercial Services,Miscellaneous Commercial Services,EAST RESOURCES,0.0
ESP,EMPIRIC STUDENT PROPERTY,541.28,5.4128,89.7,0.0,0.0,0.0001,0.0,uk,金融,房地产,房地产投资信托,Finance,Real Estate Investment Trusts,EMPIRIC STUDENT PROP GBP0.01,0.0
EQLS,EQUALS,239.23,2.3923,127.5,0.0,0.0,0.0003,0.01,uk,金融,银行,地区银行,Finance,Regional Banks,EQUALS,0.0
EPWN,EPWIN,123.93,1.2393,87.0,0.0,0.0,0.0005,0.04,uk,制造业,建筑业,建筑材料,Non-Energy Minerals,Construction Materials,EPWIN,0.0
ENET,ETHERNITY NETWORKS LTD,3.02,0.0302,0.8,0.0,0.0,0.0002,0.55,uk,科技,电子,半导体,Electronic Technology,Semiconductors,ETHERNITY NETWORKS,0.0
EMH,EUROPEAN METALS,40.45,0.4045,19.5,0.0,0.0,0.0001,0.03,uk,制造业,化工,农用化学品,Process Industries,Chemicals: Agricultural,EUROPEAN METALS,0.0
EKF,EKF DIAGNOSTICS,126.14,1.2614,27.8,0.0,0.0,0.0001,0.01,uk,医药,医疗,医疗器械,Health Technology,Medical Specialties,EKF DIAGNOSTICS,0.0
ECO,ECO (ATLANTIC) OIL & GAS LTD CO,37.69,0.37689999999999996,10.3,0.0,0.0,0.0005,0.13,uk,资源,能源,油气生产,Energy Minerals,Oil & Gas Production,ECO ATLANTIC OIL & GAS COM SHS(DI),0.0
ECK,ECKOH,126.34,1.2634,43.5,0.0,0.0,0.0003,0.02,uk,消费,商业服务,综合商业,Commercial Services,Miscellaneous Commercial Services,ECKOH,0.0
EBOX,TRITAX EUROBOX,413.89,4.1389,51.3,0.0,0.0,0.0002,0.0,uk,金融,房地产,房地产投资信托,Finance,Real Estate Investment Trusts,TRITAX EUROBOX,0.0
EAH,ECO ANIMAL HEALTH,69.44,0.6944,102.5,0.0,0.0,0.0001,0.02,uk,医药,制药,主要制药,Health Technology,Pharmaceuticals: Major,ECO ANIMAL HEALTH,0.0
DUKE,DUKE CAPITAL LIMITED,130.48,1.3048,31.25,0.0,0.0,0.0006,0.04,uk,金融,资产管理,投资信托,Miscellaneous,Investment Trusts/Mutual Funds,DUKE CAPITAL LIMITED,0.0
DLAR,得利来,170.42,1.7042,87.0,0.0,0.0,0.0002,0.01,uk,消费,商业服务,印刷,Commercial Services,Commercial Printing/Forms,DE LA RUE,0.0
DGI,DG INNOVATE,12.83,0.1283,0.125,0.0,0.0,0.0001,0.04,uk,金融,资产管理,投资信托,Miscellaneous,Investment Trusts/Mutual Funds,DG INNOVATE,0.0
DFS,DFS FURNITURE,264.58,2.6458,113.0,0.0,0.0,0.0013,0.05,uk,消费,可选消费,家居摆设,Consumer Durables,Home Furnishings,DFS FURNITURE,0.0
DEST,DESTINY PHARMA,15.96,0.15960000000000002,16.75,0.0,0.0,0.0004,0.28,uk,医药,制药,主要制药,Health Technology,Pharmaceuticals: Major,DESTINY PHARMA,0.0
DELT,DELTIC ENERGY,36.31,0.36310000000000003,39.0,0.0,0.0,0.0001,0.02,uk,金融,资产管理,投资信托,Miscellaneous,Investment Trusts/Mutual Funds,DELTIC ENERGY,0.0
DCC,DCC公司,5387.46,53.8746,5450.0,0.0,0.73,0.0028000000000000004,0.01,uk,公用事业,燃气,燃气,Utilities,Gas Distributors,DCC,0.00014416916168378445
DATA,GLOBALDATA,17.49,0.17489999999999997,207.0,0.0,0.0,0.0017000000000000001,0.97,uk,消费,商业服务,综合商业,Commercial Services,Miscellaneous Commercial Services,GLOBALDATA,0.0
CUSN,CORNISH METALS INC. COM SHS NPV,54.87,0.5487,10.25,0.0,0.0,0.0001,0.01,uk,资源,矿产,其他金属,Non-Energy Minerals,Other Metals/Minerals,CORNISH METALS,0.0
CTO,CLARKE (T.),85.35,0.8534999999999999,161.5,0.0,0.0,0.0003,0.04,uk,制造业,建筑业,建筑工程,Industrial Services,Engineering & Construction,TCLARKE,0.0
CTL,CLEANTECH LITHIUM,23.23,0.2323,16.0,0.0,0.0,0.0001,0.03,uk,资源,矿产,其他金属,Non-Energy Minerals,Other Metals/Minerals,CLEANTECH LITHIUM,0.0
CRW,CRANEWARE,791.41,7.9140999999999995,2240.0,0.0,0.0,0.001,0.01,uk,科技,IT技术,软件开发,Technology Services,Packaged Software,CRANEWARE,0.0
CRN,CAIRN HOMES,866.83,8.6683,133.8,0.0,2.69,0.0005,0.01,uk,制造业,建筑业,住宅建筑,Consumer Durables,Homebuilding,CAIRN HOMES,0.0003085552774370915
CRE,CONDUIT,820.77,8.207699999999999,499.0,0.0,0.0,0.0005,0.01,uk,金融,保险,专业保险,Finance,Specialty Insurance,CONDUIT HLDGS COM SHS USD0.01 (DI),0.0
COST,COSTAIN,223.04,2.2304,80.6,0.0,0.0,0.0003,0.01,uk,制造业,建筑业,建筑工程,Industrial Services,Engineering & Construction,COSTAIN,0.0
COBR,COBRA RESOURCES,6.07,0.060700000000000004,1.025,0.0,0.0,0.0002,0.27,uk,资源,矿产,贵金属,Non-Energy Minerals,Precious Metals,COBRA RESOURCES,0.0
CNE,CAPRICORN ENERGY,155.19,1.5519,168.8,0.0,0.0,0.0001,0.0,uk,资源,能源,油气生产,Energy Minerals,Oil & Gas Production,CAPRICORN ENERGY,0.0
CNC,CONCURRENT TECHNOLOGIES,78.8,0.7879999999999999,94.0,0.0,0.0,0.0005,0.06,uk,科技,电子,计算机设备,Electronic Technology,Computer Processing Hardware,CONCURRENT TECHNOLOGIES,0.0
CML,CML MICROSYSTEMS,58.77,0.5877,365.0,0.0,0.0,0.0001,0.02,uk,科技,电子,半导体,Electronic Technology,Semiconductors,CML MICROSYSTEMS,0.0
CHAR,CHARIOT LIMITED,93.08,0.9308,8.7,0.0,0.0,0.0001,0.01,uk,资源,能源,油气生产,Energy Minerals,Oil & Gas Production,CHARIOT LIMITED,0.0
CGS,CASTINGS,160.36,1.6036000000000001,369.0,0.0,0.0,0.0015,0.09,uk,制造业,机械,金属加工,Producer Manufacturing,Metal Fabrication,CASTINGS,0.0
CGH,恰拉特黄金,21.48,0.2148,2.95,0.0,0.0,0.0001,0.03,uk,资源,矿产,贵金属,Non-Energy Minerals,Precious Metals,CHAARAT GOLD HLDGS,0.0
CEL,CELADON PHARMACEUTICALS,67.42,0.6742,105.0,0.0,0.0,0.0001,0.01,uk,制造业,化工,农产品,Process Industries,Agricultural Commodities/Milling,CELADON PHARMACEUTICALS,0.0
CASP,CASPIAN SUNRISE,75.54,0.7554000000000001,3.35,0.0,0.0,0.0002,0.03,uk,资源,能源,油气生产,Energy Minerals,Oil & Gas Production,CASPIAN SUNRISE,0.0
CAPD,CAPITAL LD COMM SHS USD0.0001 (,202.14,2.0214,103.0,0.0,0.0,0.0001,0.0,uk,制造业,建筑业,建筑工程,Industrial Services,Engineering & Construction,CAPITAL LIMITED,0.0
CAM,CAMELLIA,124.57,1.2457,4510.0,0.0,0.0,0.0001,0.01,uk,制造业,化工,农用化学品,Process Industries,Chemicals: Agricultural,CAMELLIA,0.0
BVXP,BIOVENTIX,230.97,2.3097,4425.0,0.0,0.0,0.0001,0.0,uk,消费,商业服务,综合商业,Commercial Services,Miscellaneous Commercial Services,BIOVENTIX,0.0
BSFA,BSF ENTERPRISE,4.91,0.049100000000000005,4.75,0.0,0.0,0.0003,0.68,uk,金融,资产管理,金融集团,Finance,Financial Conglomerates,BSF ENTERPRISE,0.0
BRCK,BRICKABILITY,217.26,2.1726,68.0,0.0,0.0,0.0014000000000000002,0.06,uk,消费,经销商,批发经销商,Distribution Services,Wholesale Distributors,BRICKABILITY,0.0
BOY,鲍迪克,1289.09,12.890899999999998,678.0,0.0,2.8,0.0001,0.0,uk,制造业,机械,航空航天与国防,Electronic Technology,Aerospace & Defense,BODYCOTE,5.8931538315022e-05
BOOM,AUDIOBOOM,39.71,0.3971,242.5,0.0,0.0,0.0001,0.02,uk,科技,IT技术,软件开发,Technology Services,Packaged Software,AUDIOBOOM,0.0
BOKU,BOKU INC.,533.48,5.3348,177.5,0.0,0.0,0.0003,0.01,uk,科技,IT技术,软件开发,Technology Services,Packaged Software,BOKU,0.0
BOIL,BARON OIL,16.58,0.16579999999999998,0.065,0.0,0.0,0.0001,0.03,uk,资源,能源,油气生产,Energy Minerals,Oil & Gas Production,BARON OIL,0.0
BMY,布卢姆斯伯里出版,437.42,4.3742,536.0,0.0,0.0,0.0002,0.0,uk,消费,可选消费,出版：书籍/杂志,Consumer Services,Publishing: Books/Magazines,BLOOMSBURY PUBLISHING,0.0
BLOE,BLOCK ENERGY,13.04,0.1304,1.8,0.0,0.0,0.0001,0.09,uk,资源,能源,油气生产,Energy Minerals,Oil & Gas Production,BLOCK ENERGY,0.0
BKS,BEEKS FINANCIAL CLOUD,118.68,1.1868,178.5,0.0,0.0,0.0001,0.01,uk,科技,IT技术,数据处理,Technology Services,Data Processing Services,BEEKS FINANCIAL CLOUD,0.0
BISI,BISICHI,8.27,0.0827,77.5,0.0,0.0,0.0001,0.09,uk,资源,能源,煤炭,Energy Minerals,Coal,BISICHI,0.0
BIRD,BLACKBIRD,22.26,0.22260000000000002,5.75,0.0,0.0,0.0001,0.04,uk,科技,IT技术,互联网,Technology Services,Internet Software/Services,BLACKBIRD,0.0
BILN,BILLINGTON,70.49,0.7049,545.0,0.0,0.0,0.0003,0.04,uk,制造业,建筑业,建筑工程,Industrial Services,Engineering & Construction,BILLINGTON,0.0
BEG,BEGBIES TRAYNOR,170.17,1.7016999999999998,107.0,0.0,0.0,0.0004,0.02,uk,消费,商业服务,综合商业,Commercial Services,Miscellaneous Commercial Services,BEGBIES TRAYNOR,0.0
B90,B90,7.76,0.0776,2.75,0.0,0.0,0.0001,0.08,uk,消费,可选消费,电影娱乐,Consumer Services,Movies/Entertainment,B90,0.0
AXL,ARROW EXPLORATION CORP. COM SHS,62.89,0.6289,22.0,0.0,0.0,0.0001,0.01,uk,资源,能源,油气生产,Energy Minerals,Oil & Gas Production,ARROW EXPLORATION CORP COM SHS(CDI),0.0
AVAP,AVATION,80.02,0.8001999999999999,113.0,0.0,0.0,0.0001,0.01,uk,金融,资产管理,金融租赁,Finance,Finance/Rental/Leasing,AVATION,0.0
AT.,ASHTEAD TECHNOLOGY,626.45,6.264500000000001,780.0,0.0,0.0,0.0005,0.01,uk,资源,能源,油服工程,Industrial Services,Oilfield Services/Equipment,ASHTEAD TECHNOLOGY,0.0
AST,ASCENT RESOURCES,5.24,0.0524,2.2,0.0,0.0,0.0002,0.29,uk,资源,能源,油气生产,Energy Minerals,Oil & Gas Production,ASCENT RESOURCES,0.0
ASLI,ABRDN EUROPEAN LOGISTICS INCOME,253.08,2.5308,61.4,0.0,0.0,0.0002,0.01,uk,金融,房地产,房地产投资信托,Finance,Real Estate Investment Trusts,ABRDN EUROPEAN LOGISTICS,0.0
ASCL,ASCENTIAL,1386.33,13.863299999999999,311.0,0.0,1.35,0.0021,0.01,uk,消费,商业服务,综合商业,Commercial Services,Miscellaneous Commercial Services,ASCENTIAL,0.0003993916908061597
ARS,ASIAMET RESOURCES LIMITED COM S,21.4,0.214,0.825,0.0,0.0,0.0001,0.03,uk,资源,矿产,其他金属,Non-Energy Minerals,Other Metals/Minerals,ASIAMET RESOURCES COM SHS USD0.01 (DI),0.0
AREC,ARECOR THERAPEUTICS,41.81,0.4181,136.5,0.0,0.0,0.0001,0.03,uk,医药,制药,主要制药,Health Technology,Pharmaceuticals: Major,ARECOR THERAPEUTICS,0.0
ARCM,ARC MINERALS LIMITED,22.7,0.22699999999999998,1.57,0.0,0.0,0.0006,0.27,uk,资源,矿产,贵金属,Non-Energy Minerals,Precious Metals,ARC MINERALS,0.0
ARB,ARGO BLOCKCHAIN,64.69,0.6469,11.2,0.0,0.0,0.0002,0.04,uk,科技,IT技术,数据处理,Technology Services,Data Processing Services,ARGO BLOCKCHAIN,0.0
APTA,APTAMER,3.97,0.0397,0.85,0.0,0.0,0.0001,0.33,uk,医药,医疗,生物技术,Health Technology,Biotechnology,APTAMER,0.0
ANCR,ANIMALCARE,130.43,1.3043,217.0,0.0,0.0,0.0003,0.02,uk,医药,制药,其他制药,Health Technology,Pharmaceuticals: Other,ANIMALCARE,0.0
ALPH,ALPHA,880.99,8.8099,2050.0,0.0,0.0,0.0002,0.0,uk,金融,银行,地区银行,Finance,Regional Banks,ALPHA,0.0
ALFA,ALFA FINANCIAL SOFTWARE HOLDING,502.47,5.0247,170.2,0.0,0.0,0.0001,0.0,uk,科技,IT技术,软件开发,Technology Services,Packaged Software,ALFA FINANCIAL SOFTWARE HLDGS,0.0
AGL,ANGLE,36.48,0.36479999999999996,14.0,0.0,0.0,0.0005,0.14,uk,消费,经销商,医疗经销商,Distribution Services,Medical Distributors,ANGLE,0.0
AEX,AMINEX,50.53,0.5053,1.2,0.0,0.0,0.0002,0.03,uk,资源,能源,石油,Energy Minerals,Integrated Oil,AMINEX,0.0
AEWU,AEW UK REIT,131.81,1.3181,83.2,0.0,0.0,0.0001,0.01,uk,金融,房地产,房地产投资信托,Finance,Real Estate Investment Trusts,AEW UK REIT,0.0
ADVT,ADVANCEDADVT LIMITED,187.15,1.8715000000000002,140.5,0.0,0.0,0.0002,0.01,uk,金融,资产管理,投资经理,Finance,Investment Managers,ADVANCEDADVT LIMITED,0.0
ADF,FACILITIES BY ADF,39.64,0.39640000000000003,49.0,0.0,0.0,0.0008,0.2,uk,金融,资产管理,金融租赁,Finance,Finance/Rental/Leasing,FACILITIES BY ADF,0.0
ACRL,ACCROL,122.13,1.2213,38.3,0.0,0.52,0.0002,0.02,uk,消费,日常消费,个人护理,Consumer Non-Durables,Household/Personal Care,ACCROL,1.603685387567162e-05
ABDP,AB DYNAMICS,408.78,4.0878,1785.0,0.0,0.0,0.0001,0.0,uk,科技,电子,仪器设备,Electronic Technology,Electronic Equipment/Instruments,AB DYNAMICS,0.0
AAZ,ANGLO ASIAN MINING,70.26,0.7026,61.5,0.0,0.0,0.0002,0.02,uk,资源,矿产,贵金属,Non-Energy Minerals,Precious Metals,ANGLO ASIAN MINING,0.0
AAU,ARIANA RESOURCES,27.71,0.2771,2.425,0.0,0.0,0.0003,0.09,uk,资源,矿产,贵金属,Non-Energy Minerals,Precious Metals,ARIANA RESOURCES,0.0
CRDA,禾大国际,6490.26,64.9026,4648.0,-0.02,1.38,0.0113,0.02,uk,制造业,化工,特殊化学品,Process Industries,Chemicals: Specialty,CRODA INTERNATIONAL,0.0015863623123251807
IHG,洲际酒店(UK),13032.03,130.3203,7994.0,-0.1,1.12,0.0113,0.01,uk,消费,可选消费,酒店,Consumer Services,Hotels/Resorts/Cruise lines,INTERCONTINENTAL HOTELS,0.001003515736127382
SPT,思博伦通信,1127.2,11.272,194.8,-0.1,0.51,0.0045000000000000005,0.04,uk,科技,电子,仪器设备,Electronic Technology,Electronic Equipment/Instruments,SPIRENT COMMUNICATIONS,0.0001788377714008379
TFW,THORPE (F.W.),470.26,4.7026,401.0,-0.12,0.0,0.0002,0.0,uk,制造业,机械,电力设备,Producer Manufacturing,Electrical Products,THORPE(F.W.),7.12902527180829e-07
GAMA,GAMMA COMMUNICATIONS,1261.0,12.61,1298.0,-0.15,0.0,0.0006,0.0,uk,科技,通信,电信运营,Communications,Major Telecommunications,GAMMA COMMUNICATIONS,2.4823411137586996e-06
BOO,BOOHOO,430.84,4.3084,33.96,-0.18,1.88,0.0014000000000000002,0.03,uk,消费,零售,服装鞋类,Retail Trade,Apparel/Footwear Retail,BOOHOO,0.0006176277180937402
CSN,CHESNARA,380.16,3.8016,252.0,-0.2,0.0,0.0001,0.0,uk,金融,保险,多险种保险,Finance,Multi-Line Insurance,CHESNARA,9.98760226133797e-07
LSEG,伦敦证券交易所,47518.59,475.18589999999995,8872.0,-0.2,1.12,0.0654,0.01,uk,科技,IT技术,互联网,Technology Services,Internet Software/Services,LONDON STOCK EXCHANGE,0.004763884692944338
PRTC,PURETECH HEALTH,572.29,5.722899999999999,212.0,-0.24,3.53,0.0006,0.01,uk,医药,医疗,生物技术,Health Technology,Biotechnology,PURETECH HEALTH,0.0006189905570478624
OPG,OPG POWER VENTURES,41.12,0.41119999999999995,10.6,-0.24,0.0,0.0002,0.04,uk,公用事业,电力,电力公司,Utilities,Electric Utilities,OPG POWER VENTURE,5.353742381822981e-06
OCDO,OCADO集团,2999.42,29.9942,361.4,-0.25,2.48,0.0072,0.02,uk,消费,零售,食品零售,Retail Trade,Food Retail,OCADO,0.002904031510558577
CHRT,COHORT,320.65,3.2064999999999997,772.0,-0.26,1.55,0.0007000000000000001,0.02,uk,制造业,机械,航空航天与国防,Electronic Technology,Aerospace & Defense,COHORT,0.0002510870124623053
VIC,VICTORIAN PLUMBING,245.4,2.454,75.2,-0.27,1.06,0.0004,0.02,uk,消费,零售,家居装修,Retail Trade,Home Improvement Chains,VICTORIAN PLUMBING,8.528368670830803e-05
AZN,阿斯利康(UK),185933.54,1859.3354000000002,11994.0,-0.27,1.33,0.2238,0.01,uk,医药,制药,主要制药,Health Technology,Pharmaceuticals: Major,ASTRAZENECA,0.01802907791638358
VMUK,VIRGIN MONEY UK,1506.59,15.0659,214.4,-0.28,0.37,0.0033,0.02,uk,金融,银行,地区银行,Finance,Regional Banks,VIRGIN MONEY UK,6.909552428136427e-05
SFR,SEVERFIELD,210.43,2.1043000000000003,68.0,-0.29,2.64,0.0002,0.01,uk,制造业,建筑业,建筑工程,Industrial Services,Engineering & Construction,SEVERFIELD,0.0001839931683694628
AMS,ADVANCED MEDICAL SOLUTIONS GROU,404.25,4.0425,186.0,-0.32,1.18,0.0002,0.01,uk,医药,医疗,医疗器械,Health Technology,Medical Specialties,ADVANCED MEDICAL SOLUTIONS,4.336996441141933e-05
RCN,REDCENTRIC,227.89,2.2788999999999997,144.0,-0.35,0.0,0.0001,0.0,uk,科技,IT技术,信息技术,Technology Services,Information Technology Services,REDCENTRIC,3.2719793187872904e-06
KWS,KEYWORDS STUDIOS,893.75,8.9375,1132.0,-0.35,0.79,0.0016,0.02,uk,消费,商业服务,综合商业,Commercial Services,Miscellaneous Commercial Services,KEYWORDS STUDIOS,0.00014281569769035495
FLTR,FLUTTER ENTERTAINMENT,26297.38,262.9738,14820.0,-0.37,1.38,0.0345,0.01,uk,消费,可选消费,博彩,Consumer Services,Casinos/Gaming,FLUTTER ENTERTAINMENT,0.003821254873738997
POLR,POLAR CAPITAL,533.3,5.332999999999999,527.0,-0.38,0.57,0.0002,0.0,uk,金融,资产管理,投资经理,Finance,Investment Managers,POLAR CAPITAL HLDGS,1.1879138027662987e-05
BGEO,BANK OF GEORGIA,2393.95,23.9395,5270.0,-0.38,1.32,0.0011,0.0,uk,金融,银行,主要银行,Finance,Major Banks,BANK OF GEORGIA,0.00017710692507390908
BAKK,BAKKAVOR,677.93,6.779299999999999,117.0,-0.43,3.4,0.0003,0.0,uk,消费,食品饮料,零食,Consumer Non-Durables,Food: Specialty/Candy,BAKKAVOR,0.00027917626291646064
BOWL,HOLLYWOOD BOWL,573.09,5.7309,334.0,-0.45,1.04,0.0001,0.0,uk,消费,可选消费,电影娱乐,Consumer Services,Movies/Entertainment,HOLLYWOOD BOWL,1.5926760894897517e-05
AAL,英美资源公司,34081.49,340.81489999999997,2548.0,-0.47,1.37,0.21289999999999998,0.06,uk,资源,矿产,其他金属,Non-Energy Minerals,Other Metals/Minerals,ANGLO AMERICAN USD0.54945,0.022430238994039856
SEE,SEEING MACHINES LIMITED,173.79,1.7379,4.185,-0.48,2.62,0.0003,0.02,uk,制造业,汽车,汽车零部件,Producer Manufacturing,Auto Parts: OEM,SEEING MACHINES,0.000289978790060108
CLI,CLS,327.47,3.2747,82.4,-0.48,1.45,0.0001,0.0,uk,金融,房地产,房地产开发,Finance,Real Estate Development,CLS HLDGS,3.210195121926555e-05
BA.,BAE系统公司,39772.84,397.72839999999997,1313.5,-0.49,1.78,0.1155,0.03,uk,制造业,机械,航空航天与国防,Electronic Technology,Aerospace & Defense,BAE SYSTEMS,0.017897791907242513
MRL,MARLOWE,485.99,4.8599,502.0,-0.59,0.0,0.0003,0.01,uk,消费,商业服务,综合商业,Commercial Services,Miscellaneous Commercial Services,MARLOWE,1.943923097992308e-05
CEG,CHALLENGER ENERGY,15.9,0.159,0.16,-0.62,0.0,0.0001,0.04,uk,资源,能源,油气生产,Energy Minerals,Oil & Gas Production,CHALLENGER ENERGY,1.7018238068007882e-05
DOTD,DOTDIGITAL,291.51,2.9151,95.0,-0.63,0.52,0.0001,0.0,uk,科技,IT技术,软件开发,Technology Services,Packaged Software,DOTDIGITAL,8.487288288760321e-06
MGNS,MORGAN SINDALL,1060.89,10.6089,2240.0,-0.67,0.89,0.0006,0.01,uk,制造业,建筑业,建筑工程,Industrial Services,Engineering & Construction,MORGAN SINDALL GRP,6.234464675089092e-05
SMDS,史密斯,4656.36,46.563599999999994,337.6,-0.71,0.94,0.0072,0.02,uk,制造业,化工,包装,Process Industries,Containers/Packaging,SMITH(DS),0.0005811634888601121
CPG,康帕斯集团,37733.12,377.3312,2216.0,-0.72,1.34,0.0246,0.01,uk,消费,可选消费,餐厅,Consumer Services,Restaurants,COMPASS,0.002465930204309667
GETB,GETBUSY,33.38,0.33380000000000004,66.0,-0.75,0.0,0.0001,0.03,uk,科技,IT技术,软件开发,Technology Services,Packaged Software,GETBUSY,2.0938398129403135e-05
PAY,PAYPOINT,379.46,3.7946,522.0,-0.76,0.0,0.0003,0.01,uk,金融,银行,地区银行,Finance,Regional Banks,PAYPOINT,3.2221106343114296e-05
INDV,INDIVIOR,1881.64,18.8164,1389.0,-0.79,2.64,0.0079,0.04,uk,医药,制药,主要制药,Health Technology,Pharmaceuticals: Major,INDIVIOR,0.003888245589275088
MEGP,ME,624.3,6.242999999999999,166.0,-0.84,3.7,0.0002,0.0,uk,消费,零售,专卖店,Retail Trade,Specialty Stores,ME,0.0002152278519924481
NXT,耐斯特,11471.81,114.71809999999999,9024.0,-0.88,1.54,0.0137,0.01,uk,消费,零售,百货商店,Retail Trade,Department Stores,NEXT,0.0020610800411582065
MARS,MARSTON'S,178.3,1.7830000000000001,27.0,-0.92,0.0,0.0001,0.0,uk,消费,可选消费,餐厅,Consumer Services,Restaurants,MARSTON'S,1.8720606272445005e-05
NRR,NEWRIVER REIT,233.71,2.3371,75.3,-0.92,0.92,0.0008,0.04,uk,金融,房地产,房地产投资信托,Finance,Real Estate Investment Trusts,NEWRIVER REIT,0.00013743290193570735
ACSO,ACCESSO TECHNOLOGY,259.35,2.5935,622.0,-0.96,0.96,0.0001,0.0,uk,科技,IT技术,软件开发,Technology Services,Packaged Software,ACCESSO TECHNOLOGY,1.7824604909205694e-05
CARD,CARD FACTORY,348.4,3.484,100.8,-0.98,2.16,0.0008,0.02,uk,消费,零售,专卖店,Retail Trade,Specialty Stores,CARD FACTORY,0.00046519099573808984
ITRK,天祥集团,7905.04,79.0504,4898.0,-1.01,1.98,0.0095,0.01,uk,消费,商业服务,综合商业,Commercial Services,Miscellaneous Commercial Services,INTERTEK,0.0022493400485759664
PTAL,PETROTAL CORPORATION COM SHS NP,430.12,4.3012,47.0,-1.05,0.0,0.0001,0.0,uk,资源,能源,石油,Energy Minerals,Integrated Oil,PETROTAL CORP COM SHS(DI),1.76240832775979e-05
SNWS,SMITHS NEWS,131.26,1.3126,53.0,-1.12,0.0,0.0004,0.03,uk,消费,经销商,批发经销商,Distribution Services,Wholesale Distributors,SMITHS NEWS,0.00011357301951976588
XPS,XPS PENSIONS,520.94,5.2094000000000005,251.0,-1.18,3.94,0.0008,0.02,uk,金融,资产管理,投资经理,Finance,Investment Managers,XPS PENSIONS,0.0009931169770819876
MPE,M.P. EVANS,441.38,4.4138,832.0,-1.19,0.0,0.0001,0.0,uk,制造业,化工,农产品,Process Industries,Agricultural Commodities/Milling,M.P. EVANS,2.1399694889648962e-05
PSON,培生,6686.42,66.8642,979.0,-1.27,2.22,0.0179,0.03,uk,消费,可选消费,出版：书籍/杂志,Consumer Services,Publishing: Books/Magazines,PEARSON,0.005198558948607475
ROO,DELIVEROO,1953.96,19.5396,128.2,-1.38,2.92,0.0001,0.0,uk,科技,IT技术,软件开发,Technology Services,Packaged Software,DELIVEROO,5.658054775727661e-05
GHH,GOOCH & HOUSEGO,141.83,1.4183000000000001,550.0,-1.43,3.58,0.0002,0.01,uk,科技,电子,元器件,Electronic Technology,Electronic Components,GOOCH & HOUSEGO,0.0003248672748463651
THS,THARISA,197.89,1.9788999999999999,66.0,-1.49,0.0,0.0007000000000000001,0.03,uk,资源,矿产,其他金属,Non-Energy Minerals,Other Metals/Minerals,THARISA USD0.001 (DI),0.00027500740867689963
BHP,BHP,2621.58,26.215799999999998,2276.0,-1.51,1.25,0.1807,0.69,uk,资源,矿产,钢,Non-Energy Minerals,Steel,BHP,0.035227801565363405
CPI,CAPITA,221.17,2.2117,13.0,-1.52,0.0,0.0004,0.02,uk,消费,商业服务,综合商业,Commercial Services,Miscellaneous Commercial Services,CAPITA,0.00015649579787497368
IOM,IOMART,145.3,1.453,129.5,-1.52,1.14,0.0001,0.01,uk,科技,IT技术,数据处理,Technology Services,Data Processing Services,IOMART,4.468100108576556e-05
LUCE,LUCECO,262.43,2.6243,163.2,-1.57,0.72,0.0009,0.03,uk,科技,电子,仪器设备,Electronic Technology,Electronic Equipment/Instruments,LUCECO,0.0003507896519939755
SIS,SCIENCE IN SPORT,28.25,0.2825,15.5,-1.59,0.0,0.0001,0.02,uk,消费,日常消费,个人护理,Consumer Non-Durables,Household/Personal Care,SCIENCE IN SPORT,7.282123431141408e-05
BARC,巴克莱,30126.78,301.26779999999997,200.75,-1.59,1.81,0.183,0.06,uk,金融,资产管理,投资银行,Finance,Investment Banks/Brokers,BARCLAYS,0.030296004521566944
DNLM,DUNELM,1954.94,19.549400000000002,967.0,-1.63,0.0,0.0003,0.0,uk,消费,零售,专卖店,Retail Trade,Specialty Stores,DUNELM,7.048737480902417e-05
SMWH,WH SMITH,1521.2,15.212,1162.0,-1.69,2.54,0.009000000000000001,0.06,uk,消费,零售,食品零售,Retail Trade,Food Retail,WH SMITH,0.004405180581564902
GMS,GULF MARINE SERVICES,229.71,2.2971,22.6,-1.74,0.0,0.0004,0.02,uk,资源,能源,油服工程,Industrial Services,Oilfield Services/Equipment,GULF MARINE SERVICES,0.00019072253215387584
FDP,FD TECHNOLOGIES,339.22,3.3922000000000003,1204.0,-2.11,0.33,0.0003,0.01,uk,科技,IT技术,软件开发,Technology Services,Packaged Software,FD TECHNOLOGIES,0.00016978980175528217
FSJ,FISHER (JAMES) & SONS,137.59,1.3759000000000001,273.0,-2.15,0.0,0.0002,0.01,uk,制造业,运输,海运,Transportation,Marine Shipping,FISHER(JAMES)& SONS,0.00015480827940373817
MOTR,MOTORPOINT,121.85,1.2185,136.0,-2.16,0.0,0.0001,0.0,uk,消费,零售,专卖店,Retail Trade,Specialty Stores,MOTORPOINT,8.09214325665783e-05
BRK,布鲁克斯麦克唐纳集团,291.91,2.9191000000000003,1775.0,-2.2,0.0,0.0001,0.0,uk,金融,资产管理,投资经理,Finance,Investment Managers,BROOKS MACDONALD,6.318142512731497e-05
CER,CERILLION,455.55,4.5555,1545.0,-2.22,0.0,0.0002,0.01,uk,科技,IT技术,软件开发,Technology Services,Packaged Software,CERILLION,0.00011163159398316158
LBG,LBG MEDIA,158.9,1.589,76.0,-2.25,0.0,0.0001,0.01,uk,消费,商业服务,印刷,Commercial Services,Commercial Printing/Forms,LBG MEDIA,7.923879418630693e-05
GELN,GELION,28.56,0.28559999999999997,21.0,-2.33,0.0,0.0001,0.02,uk,制造业,机械,电力设备,Producer Manufacturing,Electrical Products,GELION UK,0.00013021854963873134
RWI,RENEWI,463.17,4.6317,575.0,-2.38,1.87,0.0003,0.01,uk,公用事业,环保,环境工程,Industrial Services,Environmental Services,RENEWI,0.00018493057864844037
TLOU,TLOU ENERGY LIMITED,25.08,0.25079999999999997,2.0,-2.44,0.0,0.0001,0.03,uk,资源,能源,煤炭,Energy Minerals,Coal,TLOU ENERGY LIMITED,0.00014263477671349096
NANO,NANOCO,38.1,0.381,19.5,-2.55,0.0,0.001,0.26,uk,科技,电子,半导体,Electronic Technology,Semiconductors,NANOCO,0.001408993689799827
BSE,BASE RESOURCES LIMITED,144.9,1.449,12.3,-2.57,0.0,0.0005,0.03,uk,资源,矿产,其他金属,Non-Energy Minerals,Other Metals/Minerals,BASE RESOURCES LIMITED(DI),0.0004973284336686372
KEFI,KEFI GOLD AND COPPER,30.7,0.307,0.522,-2.61,2.61,0.0007000000000000001,0.23,uk,资源,矿产,贵金属,Non-Energy Minerals,Precious Metals,KEFI GOLD AND COPPER,0.0010652345818095035
AIBG,AIB,11038.05,110.3805,421.5,-2.88,1.73,0.0001,0.0,uk,金融,银行,主要银行,Finance,Major Banks,AIB,3.9039804418362023e-05
NET,NETCALL,142.1,1.421,86.2,-3.15,0.0,0.0001,0.01,uk,科技,IT技术,软件开发,Technology Services,Packaged Software,NETCALL,0.00013492097616366383
NICL,NICHOLS,352.79,3.5279000000000003,966.0,-3.21,0.0,0.0001,0.0,uk,消费,食品饮料,饮料,Consumer Non-Durables,Beverages: Non-Alcoholic,NICHOLS,0.00010408537769782453
PGH,PERSONAL,49.06,0.49060000000000004,157.0,-3.38,0.0,0.0001,0.02,uk,金融,保险,保险经纪人,Finance,Insurance Brokers/Services,PERSONAL,0.0002012295711862351
XLM,XLMEDIA,33.48,0.3348,12.75,-3.77,0.0,0.0002,0.07,uk,消费,商业服务,广告营销,Commercial Services,Advertising/Marketing Services,XLMEDIA,0.0005112044670642925
WSG,WESTMINSTER,7.93,0.0793,2.4,-4.0,0.0,0.0002,0.27,uk,制造业,运输,其他交通,Transportation,Other Transportation,WESTMINSTER,0.0006660869382041785
UJO,UNION JACK OIL,25.58,0.25579999999999997,24.0,-4.95,0.0,0.0007000000000000001,0.28,uk,资源,能源,油气生产,Energy Minerals,Oil & Gas Production,UNION JACK OIL,0.002760024020686919
RCGH,RC365 HOLDING,6.03,0.0603,4.5,-5.26,0.0,0.0002,0.25,uk,科技,IT技术,信息技术,Technology Services,Information Technology Services,RC365 HOLDING,0.0009954544983953445
PRE,PENSANA,73.64,0.7364,25.5,-5.56,2.59,0.0005,0.06,uk,资源,矿产,其他金属,Non-Energy Minerals,Other Metals/Minerals,PENSANA,0.0018333763680287022
88E,88 ENERGY LIMITED,40.2,0.402,0.16,-5.88,0.0,0.0017000000000000001,0.42,uk,资源,能源,石油,Energy Minerals,Integrated Oil,88 ENERGY LIMITEDDI),0.00781106036837218
CTEC,CONVATEC,5276.16,52.7616,257.4,-6.6,4.5,0.11539999999999999,0.22,uk,医药,医疗,医疗器械,Health Technology,Medical Specialties,CONVATEC,0.1667563559147208
SDRY,SUPERDRY,7.06,0.0706,7.12,-7.77,11.66,0.0004,0.59,uk,消费,日常消费,服装鞋类,Consumer Non-Durables,Apparel/Footwear,SUPERDRY,0.005776173717391104
