证券代码,证券名称,流通市值,总市值,最新价,涨跌幅,成交额,换手率,market,一级行业,二级行业,三级行业,异动值
ICON,ICONIC LABS,0.68,0.0068000000000000005,12.25,25.64,0.0031,44.6,uk,消费,商业服务,广告营销,0.13056262503666352
QED,QUADRISE,12.33,0.1233,0.825,25.0,0.001,0.99,uk,制造业,化工,特种工业品,0.03679726557892846
RRR,RED ROCK RESOURCES,3.34,0.0334,0.13,23.81,0.004699999999999999,11.66,uk,资源,矿产,贵金属,0.1757763431749194
UPL,UPLAND RESOURCES LIMITED,22.66,0.2266,3.3,22.22,0.0084,4.02,uk,资源,能源,油气生产,0.24691194457891058
AC8,ACCELER8 VENTURES,1.42,0.014199999999999999,190.0,18.75,0.0002,1.27,uk,金融,资产管理,金融集团,0.00562581528152528
TOM,TOMCO ENERGY,2.07,0.0207,0.065,18.18,0.0002,0.75,uk,资源,能源,油气生产,0.005374331309168027
ANGS,ANGUS ENERGY,24.48,0.24480000000000002,0.675,17.39,0.0011,0.44,uk,资源,能源,油气生产,0.023377253527533625
GFIN,GFINITY,2.89,0.028900000000000002,0.085,16.44,0.0003,1.2,uk,科技,IT技术,互联网,0.007030525281030273
HUM,HUMMINGBIRD RESOURCES,60.19,0.6019,10.0,16.28,0.0017000000000000001,0.3,uk,资源,矿产,贵金属,0.027503164166043023
CMET,CAPITAL METALS,11.71,0.11710000000000001,4.25,14.86,0.004699999999999999,3.99,uk,制造业,化工,农产品,0.08952698627281257
ZPHR,ZEPHYR ENERGY,53.12,0.5312,3.15,12.5,0.0018,0.33,uk,资源,能源,油气生产,0.02132796020509794
ING,INGENTA,22.29,0.2229,136.5,10.53,0.0003,0.14,uk,科技,IT技术,软件开发,0.0033684927424369165
OBI,ONDINE BIOMEDICAL INC. COM SHS,15.6,0.156,8.0,10.34,0.0001,0.05,uk,医药,医疗,生物技术,0.0011499829334165083
RCGH,RC365 HOLDING,17.57,0.1757,14.0,10.24,0.0038,2.23,uk,科技,IT技术,信息技术,0.0425135330173002
HE1,HELIUM ONE GLOBAL LTD,46.23,0.4623,4.9,10.11,0.004,0.87,uk,资源,能源,油气生产,0.03704487877029285
VELA,VELA TECHNOLOGIES,3.58,0.0358,0.022,10.0,0.0006,1.63,uk,金融,资产管理,金融集团,0.007301155789614247
88E,88 ENERGY LIMITED,51.63,0.5163,0.325,8.33,0.0008,0.15,uk,资源,能源,石油,0.005576110827264235
MTL,METALS EXPLORATION,35.49,0.3549,2.05,7.89,0.0004,0.11,uk,资源,矿产,贵金属,0.002815525003199683
SAV,SAVANNAH RESOURCES,55.94,0.5594,3.06,7.37,0.0009,0.16,uk,资源,矿产,其他金属,0.005215139906831357
OTMP,ONTHEMARKET,53.34,0.5334,66.5,7.26,0.0002,0.04,uk,科技,IT技术,互联网,0.0011489158185493686
GOOD,GOOD ENERGY,35.45,0.35450000000000004,210.0,7.14,0.0023,0.66,uk,公用事业,电力,新能源发电,0.014146493256325058
SPO,SPORTECH,7.27,0.0727,74.9,7.0,0.0004,0.55,uk,消费,可选消费,博彩,0.002916947205276578
TLOU,TLOU ENERGY LIMITED,16.18,0.1618,1.55,6.9,0.0001,0.06,uk,资源,能源,煤炭,0.0006654835051675277
AVON,AVON PROTECTION,216.04,2.1604,714.0,6.73,0.010700000000000001,0.51,uk,医药,医疗,医疗器械,0.03680171294161435
THX,THOR EXPLORATIONS LTD COM SHS N,104.82,1.0482,16.0,6.67,0.0003,0.03,uk,资源,矿产,贵金属,0.0012767888661340996
ABDX,ABINGDON HEALTH,14.0,0.14,11.5,6.48,0.0003,0.22,uk,医药,医疗,医疗器械,0.0018632038368466132
TRAC,T4S IOT TRACKING SOLUTIONS,1.62,0.016200000000000003,3.06,6.43,0.0001,0.4,uk,科技,通信,通信设备,0.0006840483362611582
HOC,HOCHSCHILD MINING,429.32,4.2932,83.45,6.37,0.0068000000000000005,0.16,uk,资源,矿产,贵金属,0.017499141277062716
WBI,WOODBOIS LTD,14.94,0.1494,0.601,6.37,0.0014000000000000002,0.95,uk,资源,矿产,林业,0.008432369968256137
BRK,布鲁克斯麦克唐纳集团,288.51,2.8851,1755.0,6.36,0.003,0.1,uk,金融,资产管理,投资经理,0.00871438422075958
CEY,CENTAMIN,1020.0,10.2,88.05,6.34,0.0536,0.53,uk,资源,矿产,贵金属,0.10697608519082068
WJG,WATKIN JONES,88.22,0.8822,34.4,6.17,0.019799999999999998,2.31,uk,制造业,建筑业,住宅建筑,0.07966522370862046
PYC,PHYSIOMICS,1.7,0.017,1.75,6.06,0.0001,0.65,uk,消费,商业服务,综合商业,0.0006301567713018002
KOO,KOOTH,116.36,1.1636,320.0,5.96,0.0045000000000000005,0.41,uk,医药,健康服务,健康服务,0.015906405036156576
SRB,SERABI GOLD,27.26,0.2726,36.0,5.88,0.001,0.36,uk,资源,矿产,贵金属,0.004953260418880486
SYME,SUPPLY@ME CAPITAL,58.17,0.5817,0.095,5.56,0.0021,0.41,uk,科技,IT技术,软件开发,0.008192832726787985
SBDS,SILVER BULLET DATA SERVICES GRO,15.54,0.15539999999999998,97.5,5.41,0.0005,0.3,uk,消费,商业服务,综合商业,0.002393521461909645
BBSN,BRAVE BISON,25.12,0.25120000000000003,1.95,5.41,0.0002,0.08,uk,消费,商业服务,广告营销,0.0008951068027275908
PMG,PARKMEAD,16.66,0.1666,15.25,5.17,0.0003,0.2,uk,资源,能源,油气生产,0.001337073394811649
SRT,SRT MARINE SYSTEMS,86.98,0.8698,45.2,5.12,0.0009,0.11,uk,科技,通信,通信设备,0.0028090735601447765
CHRY,CHRYSALIS INVESTMENTS LIMITED O,332.04,3.3204000000000002,58.0,5.07,0.009899999999999999,0.3,uk,金融,资产管理,投资经理,0.020117046438400094
CLON,CLONTARF ENERGY,3.27,0.0327,0.063,5.0,0.0003,0.88,uk,资源,矿产,贵金属,0.0014269103153643297
CASP,CASPIAN SUNRISE,66.49,0.6648999999999999,3.15,5.0,0.0001,0.02,uk,资源,能源,油气生产,0.0003251772219899045
IHC,INSPIRATION HEALTHCARE,22.18,0.2218,32.5,4.84,0.0003,0.16,uk,医药,医疗,医疗器械,0.0011724772511718586
SQZ,SERICA ENERGY,973.5,9.735,250.2,4.77,0.0326,0.34,uk,资源,能源,油气生产,0.04441756260505431
WPM,惠顿贵金属,16217.26,162.1726,3580.0,4.68,0.0040999999999999995,0.0,uk,资源,矿产,贵金属,0.0030104960126296704
SHI,SIG,383.42,3.8342,32.45,4.68,0.0083,0.22,uk,消费,经销商,批发经销商,0.014420968942346022
SHG,SHANTA GOLD LIMITED,107.78,1.0778,10.25,4.59,0.0025,0.24,uk,资源,矿产,贵金属,0.006288255420017702
GST,GOLDEN SAINT TECHNOLOGIES LIMIT,12.18,0.12179999999999999,0.685,4.58,0.0006,0.52,uk,制造业,建筑业,建筑工程,0.002336332577352113
BRH,BRAVEHEART INVESTMENT,7.33,0.0733,11.5,4.55,0.0003,0.37,uk,金融,资产管理,投资经理,0.00120518970864176
AAU,ARIANA RESOURCES,26.29,0.26289999999999997,2.3,4.55,0.0002,0.06,uk,资源,矿产,贵金属,0.0006974927187639005
EDV,ENDEAVOUR MINING,4083.93,40.8393,1659.0,4.54,0.0421,0.1,uk,资源,矿产,贵金属,0.03813655039875176
FRES,弗雷斯尼洛,4067.65,40.676500000000004,552.0,4.39,0.0496,0.12,uk,资源,矿产,贵金属,0.04288754914818124
CPH2,CLEAN POWER HYDROGEN,47.78,0.4778,18.0,4.35,0.0002,0.04,uk,资源,能源,油服工程,0.0005806751284756195
SFE,SAFESTYLE UK,2.54,0.0254,1.83,4.27,0.0007000000000000001,2.58,uk,制造业,建筑业,建筑产品,0.002685547179389415
SSIT,SERAPHIM SPACE INVESTMENT TRUST,93.69,0.9369,39.5,3.95,0.0001,0.01,uk,金融,资产管理,投资信托,0.00021196694923118555
OPTI,OPTIBIOTIX HEALTH,24.17,0.24170000000000003,26.5,3.92,0.0005,0.22,uk,医药,医疗,生物技术,0.0014315511639644413
ETL,EUTELSAT COMMUNICATIONS S.A. OR,25.18,0.2518,5.3,3.92,0.0001,0.03,uk,科技,通信,电信运营,0.000284416175168278
TIME,TIME FINANCE,27.38,0.2738,29.6,3.86,0.001,0.35,uk,消费,商业服务,综合商业,0.0027432337325218586
RKH,洛克霍普勘探,79.84,0.7984,13.5,3.85,0.0027,0.34,uk,资源,能源,油气生产,0.005775538521545814
PAF,泛非资源,290.16,2.9016,15.14,3.84,0.0062,0.21,uk,资源,矿产,贵金属,0.008879512889505529
SLP,SYLVANIA PLATINUM LIMITED CMN S,214.39,2.1439,81.5,3.82,0.0039000000000000003,0.19,uk,资源,矿产,其他金属,0.0061019434265849656
CGH,恰拉特黄金,17.26,0.1726,3.58,3.77,0.0001,0.03,uk,资源,矿产,贵金属,0.0002841690322463766
HSS,HSS HIRE,78.96,0.7896,11.2,3.7,0.0005,0.06,uk,金融,资产管理,金融租赁,0.0010135743150942733
RDT,ROSSLYN DATA TECHNOLOGIES,2.52,0.0252,14.25,3.64,0.0001,0.4,uk,科技,IT技术,软件开发,0.0003056550674314741
CBOX,CAKE BOX,161.77,1.6177000000000001,145.0,3.57,0.0009,0.06,uk,消费,食品饮料,零食,0.0013972465019750453
SOM,朔马珞企业,164.17,1.6417,295.0,3.51,0.0027,0.16,uk,制造业,机械,工程机械,0.00407182097434056
KWG,KINGSWOOD,32.54,0.32539999999999997,15.0,3.45,0.0004,0.11,uk,金融,资产管理,投资经理,0.0009050730943842089
TGR,TIRUPATI GRAPHITE,13.95,0.13949999999999999,16.0,3.23,0.0007000000000000001,0.54,uk,制造业,机械,电力设备,0.0016323599388258796
BIRD,BLACKBIRD,29.47,0.29469999999999996,8.0,3.23,0.0002,0.06,uk,科技,IT技术,互联网,0.0004190597086482922
HCM,和黄医药(UK),2560.85,25.6085,294.0,3.16,0.0092,0.04,uk,医药,制药,主要制药,0.005488108555764896
WIL,WILMINGTON,294.47,2.9447,334.0,3.09,0.0007000000000000001,0.02,uk,消费,可选消费,出版：书籍/杂志,0.0007293911083095819
MCG,MOBICO,389.94,3.8994,63.5,3.08,0.0453,1.16,uk,制造业,运输,其他交通,0.04304685571558236
LOK,LOK'N STORE,219.56,2.1956,670.0,3.08,0.0004,0.02,uk,制造业,运输,其他交通,0.00045524346938048314
GRX,GREENX METALS LIMITED,137.8,1.3780000000000001,50.5,3.06,0.0003,0.02,uk,资源,能源,煤炭,0.00039175905400558043
MOS,MOBILE STREAMS,4.5,0.045,0.103,3.0,0.0003,0.75,uk,科技,IT技术,网络零售,0.0006803486122637265
RNK,兰科集团,372.4,3.7239999999999998,79.5,2.98,0.0003,0.01,uk,消费,可选消费,电影娱乐,0.0002755507363052498
RSG,RESOLUTE MINING LIMITED,210.85,2.1085,19.1,2.96,0.0003,0.01,uk,资源,矿产,贵金属,0.00032635811657737054
SYS,SYSGROUP,17.37,0.17370000000000002,35.5,2.9,0.0003,0.18,uk,科技,IT技术,数据处理,0.0005826092555474851
ARS,ASIAMET RESOURCES LIMITED COM S,21.12,0.2112,0.95,2.7,0.0001,0.07,uk,资源,矿产,其他金属,0.0001702165958493203
STX,SHIELD THERAPEUTICS,44.21,0.4421,6.2,2.65,0.0023,0.52,uk,医药,制药,主要制药,0.003321944138512452
GMS,GULF MARINE SERVICES,119.43,1.1943000000000001,11.75,2.62,0.0005,0.04,uk,资源,能源,油服工程,0.0005431947537355068
TGA,THUNGELA RESOURCES LIMITED,1076.05,10.7605,789.4,2.6,0.0379,0.36,uk,公用事业,电力,新能源发电,0.020983343161354154
PHC,PLANT HEALTH CARE,23.82,0.2382,6.975,2.57,0.0004,0.18,uk,制造业,化工,农用化学品,0.0006214435378338149
HELD,HELLENIC DYNAMICS,10.02,0.1002,0.08,2.56,0.0001,0.15,uk,制造业,建筑业,建筑工程,0.0001711268789796454
UOG,UNITED OIL & GAS,6.73,0.0673,1.025,2.5,0.0001,0.16,uk,资源,能源,油气生产,0.00016991407750655016
PRE,PENSANA,81.85,0.8184999999999999,28.7,2.5,0.0005,0.06,uk,资源,矿产,其他金属,0.0005662690235817759
IGE,IMAGE SCAN,2.81,0.0281,2.05,2.5,0.0002,0.6,uk,制造业,机械,航空航天与国防,0.00035220151190620326
OMG,OXFORD METRICS,107.6,1.0759999999999998,82.5,2.48,0.0184,1.71,uk,科技,电子,仪器设备,0.0190154001623244
AET,AFENTRA,63.54,0.6354,28.95,2.48,0.0017000000000000001,0.27,uk,资源,能源,油气生产,0.002037782388676775
SAGA,SAGA,166.47,1.6647,117.4,2.44,0.004699999999999999,0.29,uk,消费,可选消费,其他消费者服务,0.0041432636346749345
JIM,JARVIS SECURITIES,48.53,0.4853,108.5,2.36,0.0001,0.02,uk,金融,资产管理,投资银行,0.00011900196338494173
GFM,格瑞芬矿业,177.7,1.777,92.7,2.32,0.0002,0.01,uk,资源,矿产,贵金属,0.00016017532004913634
GNC,GREENCORE,429.31,4.2931,88.8,2.3,0.0087,0.2,uk,消费,食品饮料,零食,0.005214005332816437
SREI,SCHRODER REAL ESTATE INVESTMENT,207.38,2.0738,42.4,2.29,0.0011,0.05,uk,金融,房地产,房地产投资信托,0.0008226240107222747
HVO,HVIVO,131.31,1.3131,19.3,2.25,0.0024,0.19,uk,消费,商业服务,综合商业,0.002018284007665084
TLW,图罗石油,478.51,4.7851,33.0,2.23,0.0125,0.26,uk,资源,能源,油气生产,0.006921045740246476
ECR,ECR MINERALS,3.56,0.0356,0.23,2.22,0.0003,0.89,uk,资源,矿产,贵金属,0.00043921990160772985
LIT,LITIGATION CAPITAL MANAGEMENT L,123.89,1.2389000000000001,104.0,2.21,0.0009,0.07,uk,消费,商业服务,综合商业,0.0007500181632291432
BP.,英国石油,93541.72,935.4172,547.7,2.16,2.7167000000000003,0.29,uk,资源,能源,石油,0.5037120329338073
IRON,IRONVELD,8.58,0.0858,0.24,2.13,0.0007000000000000001,0.82,uk,资源,矿产,钢,0.0009207607994814169
OXIG,牛津仪器,1110.54,11.1054,1920.0,2.02,0.0776,0.7,uk,科技,电子,半导体,0.029181832331188127
WOSG,WATCHES OF SWITZERLAND,1187.31,11.873099999999999,495.6,1.98,0.0516,0.44,uk,消费,零售,专卖店,0.018497846945451833
FNTL,FINTEL,201.44,2.0144,194.0,1.97,0.0015,0.07,uk,消费,商业服务,综合商业,0.0009018845126703327
GHH,GOOCH & HOUSEGO,134.09,1.3409,520.0,1.96,0.0019,0.14,uk,科技,电子,元器件,0.0012884651427539089
UU.,联合公用事业集团,6817.52,68.1752,999.8,1.96,0.1344,0.2,uk,公用事业,水务,水务,0.0322079316950734
FUM,FUTURA MEDICAL,112.17,1.1217,37.3,1.91,0.0013,0.12,uk,医药,制药,其他制药,0.0008950703603880271
WINE,威严葡萄酒,36.19,0.3619,48.9,1.88,0.001,0.27,uk,消费,食品饮料,酒,0.000899693301525771
RCN,REDCENTRIC,171.96,1.7196,110.0,1.85,0.0001,0.0,uk,科技,IT技术,信息技术,5.7433555066169586e-05
S32,SOUTH32 LIMITED,8281.74,82.81739999999999,182.2,1.79,0.0102,0.01,uk,资源,矿产,其他金属,0.002052285337167822
HOTC,HOTEL CHOCOLAT,195.99,1.9599000000000002,142.5,1.79,0.0002,0.01,uk,消费,食品饮料,零食,0.00010476596408319651
BWNG,BROWN (N),93.24,0.9323999999999999,20.125,1.77,0.0004,0.04,uk,消费,零售,服装鞋类,0.0002588805468863607
TTE,TOTALENERGIES SE TOTALENERGIES,1527.92,15.279200000000001,63.34,1.77,0.0034999999999999996,0.02,uk,资源,能源,石油,0.0009914375068183763
JLP,JUBILEE METALS,161.55,1.6155000000000002,5.9,1.72,0.0011,0.07,uk,资源,矿产,其他金属,0.0005760485893706245
AST,ASCENT RESOURCES,6.15,0.061500000000000006,2.95,1.72,0.0001,0.24,uk,资源,能源,油气生产,9.693237995433256e-05
HBR,HARBOUR ENERGY,2028.37,20.2837,263.3,1.7,0.0317,0.16,uk,资源,能源,油气生产,0.007880504893559629
XAR,赛尔,141.46,1.4146,180.0,1.69,0.001,0.07,uk,制造业,机械,机械加工设备,0.0005312857857334015
MATD,PETRO MATAD LIMITED,27.41,0.2741,3.05,1.67,0.0003,0.1,uk,资源,能源,油气生产,0.00023700475982564662
DUKE,DUKE ROYALTY LIMITED,129.44,1.2944,31.0,1.64,0.0005,0.04,uk,金融,资产管理,投资信托,0.0002606453205248476
TYT,丰田汽车(UK),367287.14,3672.8714,2707.573,1.59,0.0009,0.0,uk,制造业,汽车,汽车整车,8.88760678816357e-05
NG.,英国国家电网,36121.55,361.2155,979.4,1.53,0.43060000000000004,0.12,uk,公用事业,电力,电力公司,0.05350880052477549
SHEL,壳牌,180907.81,1809.0781,2722.0,1.53,2.7563999999999997,0.15,uk,资源,能源,石油,0.27770095022028873
CHRT,COHORT,206.53,2.0653,498.0,1.53,0.0013,0.06,uk,制造业,机械,航空航天与国防,0.0005251570957462398
TAM,TATTON ASSET MANAGEMENT,285.61,2.8561,472.0,1.51,0.0004,0.02,uk,金融,资产管理,投资经理,0.00014283508130159847
SPA,1SPATIAL,53.2,0.532,48.0,1.48,0.0017000000000000001,0.31,uk,科技,IT技术,互联网,0.0009689194965953636
LINV,LENDINVEST,48.43,0.4843,35.0,1.45,0.0015,0.33,uk,金融,资产管理,金融租赁,0.0008466677876907199
WATR,WATER INTELLIGENCE,61.62,0.6162,355.0,1.43,0.0007000000000000001,0.11,uk,制造业,建筑业,建筑工程,0.00036434307314111853
SDRY,SUPERDRY,46.03,0.4603,47.0,1.4,0.0013,0.28,uk,消费,日常消费,服装鞋类,0.000702569072646399
GFRD,GALLIFORD TRY,225.7,2.2569999999999997,219.0,1.39,0.0021,0.09,uk,制造业,建筑业,建筑工程,0.000709397566867807
BEG,BEGBIES TRAYNOR,173.89,1.7389,110.5,1.38,0.0011,0.07,uk,消费,商业服务,综合商业,0.00039908346427104896
SOS,SOSANDAR,46.54,0.4654,18.75,1.35,0.0002,0.05,uk,科技,IT技术,网络零售,0.00010179662937817222
TSTL,TRISTEL,187.15,1.8715000000000002,395.0,1.28,0.0021,0.11,uk,医药,医疗,医疗器械,0.0006606977251183067
LBG,LBG MEDIA,182.03,1.8203,88.1,1.26,0.0105,0.57,uk,消费,商业服务,印刷,0.0032501312646067747
LSL,LSL PROPERTY SERVICES,259.96,2.5995999999999997,250.0,1.21,0.0001,0.0,uk,金融,房地产,房地产开发,2.591154363692827e-05
GEMD,GEM DIAMONDS LIMITED,21.05,0.21050000000000002,15.075,1.17,0.0001,0.03,uk,资源,矿产,其他金属,4.701703096807316e-05
CREO,CREO MEDICAL,126.98,1.2698,35.15,1.15,0.0005,0.04,uk,医药,医疗,医疗器械,0.00014966323809382216
SDI,SCIENTIFIC DIGITAL IMAGING,92.6,0.9259999999999999,89.0,1.14,0.0023,0.25,uk,科技,电子,仪器设备,0.0007461925852135151
SBTX,SKINBIOTHERAPEUTICS,38.52,0.38520000000000004,22.25,1.14,0.0001,0.04,uk,医药,制药,其他制药,4.050842236164482e-05
CMCL,喀里多尼亚矿业(UK),170.77,1.7077,890.0,1.14,0.0005,0.03,uk,资源,矿产,贵金属,0.00013453204255013763
SEPL,SEPLAT PETROLEUM DEVELOPMENT CO,741.44,7.4144000000000005,126.0,1.12,0.0006,0.01,uk,资源,能源,石油,0.00010006064321296487
OMU,OLD MUTUAL LIMITED,2570.87,25.7087,54.6,1.11,0.006999999999999999,0.03,uk,金融,保险,人寿/健康保险,0.0008404473150832783
EKF,EKF DIAGNOSTICS,126.14,1.2614,27.8,1.09,0.0004,0.04,uk,医药,医疗,医疗器械,0.00011003925385978968
TMO,TIME OUT,162.11,1.6211000000000002,48.0,1.05,0.0002,0.01,uk,消费,可选消费,出版：书籍/杂志,4.7891646877052405e-05
UPGS,UP GLOBAL SOURCING,107.4,1.074,120.25,1.05,0.0001,0.01,uk,消费,经销商,批发经销商,2.7187305591552886e-05
BA.,BAE系统公司,32844.21,328.4421,1079.5,1.03,0.6253,0.19,uk,制造业,机械,航空航天与国防,0.041922781265716455
PRV,PORVAIR,275.38,2.7538,594.0,1.02,0.0004,0.01,uk,制造业,机械,机械加工设备,7.724326815437129e-05
ENQ,ENQUEST,280.25,2.8025,14.86,1.02,0.0049,0.18,uk,资源,能源,油气生产,0.0009410079597395789
POS,PLEXUS,19.99,0.1999,19.9,1.02,0.0004,0.18,uk,资源,能源,油服工程,0.00015176149734465432
SVT,赛文特,7317.66,73.1766,2447.0,0.99,0.1461,0.2,uk,公用事业,水务,水务,0.011762591145822223
RST,RESTORE,278.82,2.7882,204.0,0.99,0.0011,0.04,uk,消费,商业服务,综合商业,0.00020153069512967694
CER,CERILLION,312.55,3.1255,1060.0,0.95,0.0128,0.41,uk,科技,IT技术,软件开发,0.002114612434488668
AGFX,ARGENTEX,114.68,1.1468,101.3,0.95,0.0006,0.05,uk,金融,资产管理,投资银行,0.00013582793535127428
DX.,DX (GROUP),263.13,2.6313,43.5,0.93,0.0014000000000000002,0.05,uk,制造业,运输,物流,0.00023578914067412196
BIRG,BANK OF IRELAND,100.27,1.0027,9.49,0.9,0.0002,0.02,uk,金融,银行,主要银行,4.31210388422371e-05
PHAR,PHAROS ENERGY,96.08,0.9608,22.5,0.9,0.0015,0.15,uk,资源,能源,油气生产,0.00032749422413025397
SAAS,MICROLISE,134.5,1.345,116.0,0.87,0.0001,0.01,uk,科技,IT技术,软件开发,1.864923300573998e-05
PXC,PHOENIX COPPER LIMITED,17.86,0.17859999999999998,14.625,0.86,0.0001,0.06,uk,资源,矿产,其他金属,2.910567108452405e-05
WPS,W.A.G PAYMENT SOLUTIONS,648.1,6.481,94.0,0.86,0.0006,0.01,uk,消费,商业服务,综合商业,6.7498813724116e-05
TPT,TOPPS TILES,95.98,0.9598,48.8,0.83,0.0002,0.02,uk,消费,零售,专卖店,3.819668802576353e-05
GSEO,VH GLOBAL SUSTAINABLE ENERGY OP,328.03,3.2802999999999995,78.0,0.78,0.0021,0.06,uk,金融,资产管理,金融集团,0.0002464746801547834
GLE,MJ GLEESON,228.7,2.287,392.0,0.77,0.0016,0.07,uk,制造业,建筑业,住宅建筑,0.00020593399583815792
SAA,M&C SAATCHI,166.27,1.6627,136.0,0.74,0.0008,0.05,uk,消费,商业服务,广告营销,0.0001065710316322604
MORE,HOSTMORE,21.6,0.21600000000000003,17.125,0.74,0.0001,0.06,uk,消费,可选消费,餐厅,2.205443240970648e-05
AFC,AFC ENERGY,101.46,1.0146,13.8,0.73,0.001,0.11,uk,科技,电子,电子生产设备,0.00015155366334088704
BOO,BOOHOO,374.44,3.7444,29.52,0.68,0.0484,1.31,uk,消费,零售,服装鞋类,0.004326703172404995
CHAR,CHARIOT LIMITED,161.56,1.6156,15.1,0.67,0.0018,0.11,uk,资源,能源,油气生产,0.00020455072414360127
RR.,劳斯莱斯,17944.4,179.44400000000002,213.2,0.66,0.3549,0.2,uk,制造业,汽车,汽车整车,0.012446559733081463
ZTF,ZOTEFOAMS,148.98,1.4897999999999998,305.0,0.66,0.0003,0.02,uk,制造业,化工,特殊化学品,3.408799946708148e-05
MBH,MICHELMERSH BRICK,75.88,0.7587999999999999,81.0,0.62,0.0001,0.02,uk,制造业,建筑业,建筑材料,1.2481791784601244e-05
CTO,CLARKE (T.),69.9,0.6990000000000001,132.25,0.57,0.0001,0.01,uk,制造业,建筑业,建筑工程,1.1047209975121615e-05
ADM,Admiral集团,7397.26,73.9726,2415.0,0.54,0.0966,0.13,uk,金融,保险,财产/意外伤害保险,0.0027967797637746417
BARC,巴克莱,23167.94,231.6794,153.08,0.53,0.7445999999999999,0.32,uk,金融,资产管理,投资银行,0.017205289448259276
OCN,OCEAN WILSONS (HOLDINGS) LD,358.93,3.5893,1015.0,0.5,0.001,0.03,uk,制造业,运输,海运,5.335605919688446e-05
PPH,PPHE HOTEL,433.63,4.3363,1025.0,0.49,0.0001,0.0,uk,消费,可选消费,酒店,4.860179267975767e-06
REDD,REDDE NORTHGATE,729.58,7.295800000000001,317.0,0.48,0.021400000000000002,0.29,uk,金融,资产管理,金融租赁,0.0008611549022590505
KIST,KISTOS,178.16,1.7816,215.0,0.47,0.0064,0.36,uk,资源,能源,油气生产,0.00038227795967948967
SCS,SCS,54.62,0.5462,161.5,0.47,0.0002,0.04,uk,消费,零售,专卖店,1.683204052512559e-05
PNN,PENNON,1727.37,17.273699999999998,661.0,0.46,0.0583,0.34,uk,公用事业,水务,水务,0.0017369714941053006
JUST,JUST,740.6,7.406000000000001,71.3,0.42,0.0172,0.23,uk,金融,保险,人寿/健康保险,0.0005447577414974186
IPF,国际个人金融,275.7,2.7569999999999997,123.0,0.41,0.0007000000000000001,0.03,uk,金融,资产管理,金融租赁,2.860536285410877e-05
BOR,疆南石油,14.64,0.1464,2.003,0.4,0.0001,0.05,uk,资源,能源,油气生产,7.995434346807772e-06
KMR,肯梅尔资源,361.37,3.6137,405.0,0.37,0.0034999999999999996,0.1,uk,资源,矿产,其他金属,0.00010943654938970596
CCT,CHARACTER,52.29,0.5229,270.0,0.37,0.0004,0.07,uk,消费,可选消费,休闲产品,2.2265451959031108e-05
IHR,IMPACT HEALTHCARE REIT,338.54,3.3854,81.7,0.37,0.0028000000000000004,0.08,uk,金融,房地产,房地产投资信托,8.934203967820408e-05
BHP,BHP,2683.78,26.8378,2330.0,0.37,0.1401,0.52,uk,资源,矿产,钢,0.002560709648470019
SN.,施乐辉公司,8267.56,82.67559999999999,946.6,0.36,0.2552,0.31,uk,医药,医疗,医疗器械,0.0035404084302616086
QUIZ,QUIZ,8.79,0.08789999999999999,7.075,0.35,0.0002,0.27,uk,消费,日常消费,服装鞋类,1.3202648842105036e-05
STAR,STAR ENERGY,14.91,0.1491,11.64,0.34,0.0002,0.16,uk,资源,能源,油气生产,1.1929434364734531e-05
TET,TREATT,273.04,2.7304000000000004,451.5,0.33,0.0026,0.09,uk,制造业,化工,特殊化学品,7.225380073926756e-05
AMS,ADVANCED MEDICAL SOLUTIONS GROU,395.36,3.9536000000000002,182.0,0.33,0.0043,0.11,uk,医药,医疗,医疗器械,0.00010646295624884794
IOM,IOMART,179.41,1.7941,159.9,0.31,0.0003,0.02,uk,科技,IT技术,数据处理,8.506323150714146e-06
PXEN,PROSPEX ENERGY,21.4,0.214,6.5,0.31,0.0009,0.4,uk,资源,能源,油气生产,4.333618420295135e-05
SSE,苏格兰和南方能源公司,17261.27,172.61270000000002,1580.5,0.29,0.2441,0.14,uk,公用事业,电力,电力公司,0.0020189778914262565
RWA,ROBERT WALTERS,267.7,2.677,370.0,0.27,0.0004,0.02,uk,消费,商业服务,人力资源,7.765262381299582e-06
REC,RECORD,153.27,1.5327000000000002,77.0,0.26,0.0004,0.03,uk,金融,资产管理,金融集团,8.646217280112342e-06
DPH,DECHRA PHARMACEUTICALS,4320.92,43.2092,3794.0,0.16,0.5975,1.38,uk,医药,制药,主要制药,0.0021057581142338738
APH,ALLIANCE PHARMA,217.96,2.1796,40.35,0.12,0.006,0.28,uk,医药,制药,主要制药,2.717986057254384e-05
FERG,弗格森,28296.3,282.96299999999997,13880.0,0.11,0.23920000000000002,0.08,uk,消费,经销商,批发经销商,0.0002975390462755947
ULVR,联合利华,98283.4,982.834,3926.5,0.06,1.2333,0.13,uk,消费,日常消费,个人护理,0.00039958731650150016
AAL,英美资源公司,29988.5,299.885,2242.0,0.04,0.45,0.15,uk,资源,矿产,其他金属,7.747940746175835e-05
RKT,利洁时,42008.89,420.08889999999997,5854.0,0.03,0.40369999999999995,0.1,uk,消费,日常消费,个人护理,3.753803532696379e-05
ZYT,ZYTRONIC,7.88,0.0788,77.5,0.0,0.0001,0.14,uk,科技,电子,电脑周边,0.0
ZNWD,ZINNWALD LITHIUM,24.5,0.245,8.35,0.0,0.0001,0.02,uk,资源,矿产,贵金属,0.0
YU.,YU,210.77,2.1077,1260.0,0.0,0.0077,0.37,uk,公用事业,燃气,燃气,0.0
YNGA,YOUNG & CO'S BREWERY,345.86,3.4586,1005.0,0.0,0.0015,0.04,uk,消费,可选消费,餐厅,0.0
WYN,WYNNSTAY,82.38,0.8238,360.0,0.0,0.0016,0.19,uk,制造业,化工,农产品,0.0
WSG,WESTMINSTER,3.8,0.038,1.15,0.0,0.0001,0.25,uk,制造业,运输,其他交通,0.0
WPHO,WINDAR PHOTONICS,29.4,0.294,43.0,0.0,0.0001,0.04,uk,科技,电子,仪器设备,0.0
WNWD,WINDWARD LTD,62.1,0.621,72.5,0.0,0.003,0.48,uk,科技,IT技术,数据处理,0.0
W7L,WARPAINT LONDON,250.67,2.5067,325.0,0.0,0.0027,0.11,uk,消费,经销商,医疗经销商,0.0
VRCI,VERICI DX,13.2,0.132,7.75,0.0,0.0001,0.05,uk,医药,健康服务,健康服务,0.0
VLG,VENTURE LIFE,36.05,0.3605,28.5,0.0,0.0001,0.02,uk,医药,制药,主要制药,0.0
VLE,VOLVERE,26.19,0.2619,1125.0,0.0,0.0003,0.12,uk,消费,食品饮料,零食,0.0
VID,VIDENDUM,154.87,1.5487,330.5,0.0,0.003,0.2,uk,科技,通信,通信设备,0.0
VIC,VICTORIAN PLUMBING,260.18,2.6018,80.0,0.0,0.0004,0.01,uk,消费,零售,家居装修,0.0
VEL,VELOCITY COMPOSITES,16.15,0.16149999999999998,39.5,0.0,0.0001,0.06,uk,制造业,机械,航空航天与国防,0.0
VANL,VAN ELLE,42.67,0.4267,40.0,0.0,0.0001,0.02,uk,制造业,建筑业,建筑工程,0.0
UFO,ALIEN METALS LIMITED COM SHS NP,11.72,0.11720000000000001,0.185,0.0,0.0003,0.27,uk,资源,矿产,贵金属,0.0
TUNE,FOCUSRITE,275.71,2.7571,470.0,0.0,0.0008,0.03,uk,科技,通信,通信设备,0.0
TRX,TISSUE REGENIX,38.46,0.3846,54.5,0.0,0.0001,0.03,uk,医药,医疗,医疗器械,0.0
TRT,TRANSENSE TECHNOLOGIES,15.89,0.1589,102.5,0.0,0.0002,0.1,uk,科技,电子,仪器设备,0.0
TRR,TRIDENT ROYALTIES,106.33,1.0633,36.5,0.0,0.0004,0.04,uk,资源,矿产,贵金属,0.0
TRP,TOWER RESOURCES,2.87,0.0287,0.034,0.0,0.0003,0.89,uk,资源,能源,油气生产,0.0
TRCS,TRACSIS,220.81,2.2081,735.0,0.0,0.0011,0.05,uk,科技,IT技术,软件开发,0.0
TPFG,PROPERTY FRANCHISE,101.6,1.016,315.0,0.0,0.0018,0.18,uk,金融,房地产,房地产开发,0.0
THS,THARISA,190.51,1.9051,63.5,0.0,0.0006,0.03,uk,资源,矿产,其他金属,0.0
TFW,THORPE (F.W.),445.48,4.4548000000000005,380.0,0.0,0.0007000000000000001,0.01,uk,制造业,机械,电力设备,0.0
TERN,TERN,20.46,0.2046,5.25,0.0,0.0004,0.18,uk,金融,资产管理,投资经理,0.0
TBLD,TINYBUILD INC. COM SHS USD0.001,16.82,0.16820000000000002,8.25,0.0,0.0002,0.13,uk,科技,IT技术,软件开发,0.0
SVML,SOVEREIGN METALS LIMITED,121.05,1.2105,21.5,0.0,0.0001,0.01,uk,资源,矿产,其他金属,0.0
STM,STM,34.16,0.34159999999999996,57.5,0.0,0.0006,0.17,uk,金融,资产管理,投资经理,0.0
SPSY,SPECTRA SYSTEMS CORPORATION COM,85.61,0.8561,190.0,0.0,0.0015,0.18,uk,科技,电子,电脑周边,0.0
SPR,SPRINGFIELD PROPERTIES,61.63,0.6163000000000001,52.0,0.0,0.0002,0.03,uk,金融,房地产,房地产开发,0.0
SPEC,INSPECS,86.42,0.8642,85.0,0.0,0.0004,0.05,uk,医药,医疗,医疗器械,0.0
SOUC,SOUTHERN ENERGY CORP. SHS NPV (,27.82,0.2782,20.0,0.0,0.0001,0.04,uk,资源,能源,石油,0.0
SND,SONDREL (HOLDINGS),14.21,0.1421,16.25,0.0,0.0001,0.08,uk,科技,电子,半导体,0.0
SML,STRATEGIC MINERALS,3.02,0.0302,0.15,0.0,0.0001,0.23,uk,资源,矿产,钢,0.0
SHOE,SHOE ZONE,98.23,0.9823000000000001,212.5,0.0,0.0006,0.06,uk,消费,日常消费,服装鞋类,0.0
SAR,SAREUM,54.46,0.5446,80.0,0.0,0.0002,0.04,uk,公共事业,综合,综合,0.0
SAG,SCIENCE,186.9,1.869,407.0,0.0,0.0009,0.05,uk,消费,商业服务,综合商业,0.0
ROQ,ROQUEFORT THERAPEUTICS,10.17,0.1017,7.875,0.0,0.0002,0.17,uk,医药,制药,主要制药,0.0
ROL,ROTALA,29.03,0.2903,59.0,0.0,0.0001,0.02,uk,制造业,运输,其他交通,0.0
RLE,房地产投资者,48.34,0.48340000000000005,28.0,0.0,0.0009,0.19,uk,金融,房地产,房地产投资信托,0.0
RENX,RENALYTIX,45.17,0.4517,47.5,0.0,0.0001,0.02,uk,科技,IT技术,软件开发,0.0
RBG,REVOLUTION BARS,8.4,0.084,3.65,0.0,0.0002,0.29,uk,消费,可选消费,餐厅,0.0
RBD,REABOLD RESOURCES,8.69,0.08689999999999999,0.088,0.0,0.0004,0.52,uk,资源,能源,油气生产,0.0
PRD,PREDATOR OIL & GAS,61.88,0.6188,11.0,0.0,0.0078000000000000005,1.24,uk,资源,能源,油服工程,0.0
PPHC,"PUBLIC POLICY HOLDING COMPANY,",134.0,1.34,118.5,0.0,0.0002,0.02,uk,消费,商业服务,综合商业,0.0
POLX,POLAREAN IMAGING,18.89,0.1889,8.75,0.0,0.0001,0.04,uk,医药,医疗,医疗器械,0.0
PHE,POWERHOUSE ENERGY,17.49,0.17489999999999997,0.42,0.0,0.0002,0.09,uk,公用事业,电力,电力公司,0.0
PEB,PEBBLE BEACH SYSTEMS,7.4,0.07400000000000001,6.5,0.0,0.0001,0.09,uk,科技,IT技术,软件开发,0.0
PCA,PALACE CAPITAL,85.07,0.8506999999999999,226.5,0.0,0.0001,0.01,uk,金融,房地产,房地产开发,0.0
PBEE,PENSIONBEE,154.5,1.545,69.0,0.0,0.003,0.2,uk,金融,资产管理,投资经理,0.0
OVB,OVOCA BIO,1.06,0.0106,1.3,0.0,0.0001,1.11,uk,医药,制药,主要制药,0.0
ORCP,ORACLE POWER,1.05,0.0105,0.028,0.0,0.0001,1.32,uk,资源,能源,煤炭,0.0
NSCI,NETSCIENTIFIC,14.38,0.1438,61.0,0.0,0.0001,0.06,uk,医药,医疗,医疗器械,0.0
MWE,MTI WIRELESS EDGE LTD.,35.78,0.3578,40.5,0.0,0.0004,0.1,uk,科技,通信,通信设备,0.0
MTW,MATTIOLI WOODS,269.12,2.6912000000000003,520.0,0.0,0.0013,0.05,uk,消费,商业服务,综合商业,0.0
MTVW,MOUNTVIEW ESTATES,397.7,3.977,10200.0,0.0,0.0002,0.01,uk,金融,房地产,房地产开发,0.0
MSI,MS INTERNATIONAL,119.99,1.1999,735.0,0.0,0.0008,0.07,uk,制造业,机械,航空航天与国防,0.0
MPAC,MPAC,41.46,0.4146,202.5,0.0,0.0002,0.05,uk,制造业,机械,机械加工设备,0.0
MIN,MINOAN,5.79,0.0579,0.77,0.0,0.0001,0.25,uk,消费,可选消费,酒店,0.0
MHC,MYHEALTHCHECKED,6.24,0.062400000000000004,12.0,0.0,0.0001,0.15,uk,医药,医疗,医疗器械,0.0
MFX,MANX FINANCIAL,18.19,0.1819,15.75,0.0,0.0003,0.14,uk,金融,银行,地区银行,0.0
MACF,MACFARLANE,166.9,1.669,105.0,0.0,0.0003,0.02,uk,制造业,机械,综合制造,0.0
LND,LANDORE RESOURCES LIMITED,9.38,0.09380000000000001,8.15,0.0,0.0001,0.07,uk,资源,矿产,贵金属,0.0
LIKE,LIKEWISE,42.69,0.4269,17.5,0.0,0.001,0.23,uk,消费,经销商,批发经销商,0.0
KOS,KOSMOS ENERGY LTD COM SHS USD0.,2451.5,24.515,615.0,0.0,0.03,0.12,uk,资源,能源,石油,0.0
KMK,KROMEK,20.73,0.2073,3.5,0.0,0.0007000000000000001,0.36,uk,医药,医疗,医疗器械,0.0
KINO,KINOVO,35.79,0.3579,57.0,0.0,0.0001,0.02,uk,制造业,建筑业,建筑工程,0.0
JOG,JERSEY OIL AND GAS,62.99,0.6299,193.5,0.0,0.0002,0.04,uk,资源,能源,油气生产,0.0
ITX,ITACONIX,19.49,0.1949,144.5,0.0,0.0001,0.04,uk,制造业,化工,化学原料,0.0
INSG,INSIG AI,21.83,0.2183,21.0,0.0,0.0001,0.03,uk,消费,可选消费,电影娱乐,0.0
IKA,ILIKA,55.26,0.5526,35.0,0.0,0.0001,0.03,uk,制造业,机械,电力设备,0.0
IGP,INTERCEDE,30.57,0.3057,52.5,0.0,0.0001,0.02,uk,科技,IT技术,软件开发,0.0
ICGC,IRISH CONTINENTAL,664.1,6.641,392.0,0.0,0.0001,0.0,uk,制造业,运输,海运,0.0
I3E,I3 ENERGY,158.24,1.5824,13.16,0.0,0.0024,0.15,uk,资源,能源,油气生产,0.0
HEMO,HEMOGENYX PHARMACEUTICALS,25.41,0.2541,2.225,0.0,0.0008,0.3,uk,医药,医疗,生物技术,0.0
HAYD,HAYDALE GRAPHENE INDUSTRIES,8.54,0.08539999999999999,0.475,0.0,0.0001,0.11,uk,制造业,化工,特殊化学品,0.0
HARL,HARLAND & WOLFF,19.04,0.19039999999999999,11.0,0.0,0.0006,0.32,uk,资源,能源,油气管道,0.0
GSC,GS CHAIN,17.8,0.17800000000000002,4.45,0.0,0.0003,0.19,uk,科技,IT技术,信息技术,0.0
GMET,GOLDEN METAL RESOURCES,7.28,0.0728,8.5,0.0,0.0001,0.14,uk,资源,矿产,其他金属,0.0
GILD,GUILD ESPORTS,3.05,0.0305,0.49,0.0,0.0001,0.18,uk,消费,可选消费,电影娱乐,0.0
GHE,GRESHAM HOUSE,411.45,4.1145,1075.0,0.0,0.0075,0.18,uk,金融,资产管理,投资经理,0.0
GDR,GENEDRIVE,10.52,0.1052,10.0,0.0,0.0005,0.45,uk,医药,医疗,医疗器械,0.0
GCAT,CARACAL GOLD,3.57,0.035699999999999996,0.19,0.0,0.0001,0.39,uk,资源,矿产,贵金属,0.0
GATC,GATTACA,31.61,0.3161,100.0,0.0,0.0001,0.03,uk,消费,商业服务,人力资源,0.0
FTC,FILTRONIC,31.76,0.3176,14.75,0.0,0.0004,0.13,uk,科技,通信,通信设备,0.0
FSTA,"FULLER, SMITH & TURNER",217.17,2.1717,570.0,0.0,0.0031,0.14,uk,消费,可选消费,餐厅,0.0
FRAN,FRANCHISE BRANDS,305.21,3.0521,157.5,0.0,0.0001,0.0,uk,消费,商业服务,综合商业,0.0
FOG,FALCON OIL & GAS LTD. COM SHS N,72.58,0.7258,6.95,0.0,0.0001,0.01,uk,资源,能源,油气生产,0.0
FNX,FONIX MOBILE,203.49,2.0349,204.0,0.0,0.0003,0.01,uk,科技,IT技术,软件开发,0.0
FLO,FLOWTECH FLUIDPOWER,52.33,0.5233,85.1,0.0,0.0002,0.03,uk,消费,经销商,批发经销商,0.0
FLK,FLETCHER KING,4.05,0.0405,39.5,0.0,0.0001,0.19,uk,金融,资产管理,金融集团,0.0
FIXP,FIX PRICE,18.28,0.18280000000000002,2.151,0.0,0.0001,0.05,uk,消费,零售,百货商店,0.0
FIH,FIH,29.39,0.2939,235.0,0.0,0.0001,0.04,uk,消费,零售,专卖店,0.0
FIF,FINSBURY FOOD,142.77,1.4277000000000002,109.5,0.0,0.0089,0.62,uk,消费,食品饮料,零食,0.0
FDBK,FEEDBACK,10.67,0.1067,80.0,0.0,0.0001,0.07,uk,科技,IT技术,软件开发,0.0
EQT,EQTEC,4.97,0.049699999999999994,0.058,0.0,0.0006,1.12,uk,公用事业,电力,电力公司,0.0
EPWN,EPWIN,96.38,0.9638,66.5,0.0,0.0002,0.02,uk,制造业,建筑业,建筑材料,0.0
EOG,EUROPA OIL & GAS (HOLDINGS),11.03,0.1103,1.15,0.0,0.0001,0.07,uk,制造业,化工,特殊化学品,0.0
ENOG,ENERGEAN,1522.0,15.22,850.0,0.0,0.1545,0.99,uk,资源,能源,油气生产,0.0
EMR,EMPRESARIA,20.13,0.20129999999999998,40.5,0.0,0.0003,0.14,uk,消费,商业服务,人力资源,0.0
EMIS,EMIS,1211.78,12.117799999999999,1914.0,0.0,0.0143,0.12,uk,科技,IT技术,软件开发,0.0
ELCO,ELECO PUBLIC LIMITED COMPANY OR,69.06,0.6906,83.0,0.0,0.0004,0.06,uk,科技,IT技术,软件开发,0.0
EISB,EAST IMPERIAL,3.9,0.039,1.95,0.0,0.0001,0.24,uk,消费,经销商,食品经销商,0.0
EEE,EMPIRE METALS LD,19.2,0.192,3.9,0.0,0.0008,0.43,uk,资源,矿产,贵金属,0.0
EDEN,EDEN RESEARCH,26.67,0.2667,5.0,0.0,0.0001,0.03,uk,制造业,化工,农用化学品,0.0
ECK,ECKOH,113.32,1.1332,39.0,0.0,0.0001,0.01,uk,消费,商业服务,综合商业,0.0
ECHO,ECHO ENERGY,0.95,0.0095,0.017,0.0,0.0001,0.59,uk,资源,能源,油气生产,0.0
ECEL,EUROCELL,123.3,1.2329999999999999,110.0,0.0,0.0005,0.04,uk,制造业,机械,综合制造,0.0
EAH,ECO ANIMAL HEALTH,75.54,0.7554000000000001,111.5,0.0,0.0002,0.02,uk,医药,制药,主要制药,0.0
DPP,达美乐波兰,53.44,0.5344,7.5,0.0,0.0001,0.01,uk,消费,可选消费,餐厅,0.0
DEST,DESTINY PHARMA,47.16,0.47159999999999996,49.5,0.0,0.0001,0.03,uk,医药,制药,主要制药,0.0
DATA,GLOBALDATA,12.17,0.1217,144.0,0.0,0.0036,2.97,uk,消费,商业服务,综合商业,0.0
DAL,DALATA HOTEL,811.13,8.1113,363.0,0.0,0.0017000000000000001,0.02,uk,消费,可选消费,酒店,0.0
D4T4,D4T4 SOLUTIONS,68.79,0.6879000000000001,172.5,0.0,0.0003,0.04,uk,科技,IT技术,软件开发,0.0
CYAN,CYANCONNODE,28.17,0.2817,10.375,0.0,0.0002,0.06,uk,科技,通信,通信设备,0.0
CUSN,CORNISH METALS INC. COM SHS NPV,54.87,0.5487,10.25,0.0,0.0002,0.04,uk,资源,矿产,其他金属,0.0
CSFS,CORNERSTONE FS,8.76,0.0876,15.25,0.0,0.0003,0.31,uk,消费,零售,专卖店,0.0
CRU,CORAL PRODUCTS,13.19,0.1319,14.75,0.0,0.0003,0.21,uk,制造业,机械,综合制造,0.0
CRPR,CROPPER (JAMES),70.71,0.7071,740.0,0.0,0.0001,0.02,uk,制造业,化工,包装,0.0
CRDL,CORDEL,9.28,0.0928,4.65,0.0,0.0002,0.18,uk,科技,IT技术,信息技术,0.0
COM,COMPTOIR,0.29,0.0029,6.375,0.0,0.0002,6.01,uk,消费,可选消费,餐厅,0.0
CNS,CORERO NETWORK SECURITY,40.26,0.40259999999999996,8.05,0.0,0.0001,0.03,uk,科技,IT技术,信息技术,0.0
CNC,CONCURRENT TECHNOLOGIES,57.0,0.57,68.0,0.0,0.0005,0.08,uk,科技,电子,计算机设备,0.0
CML,CML MICROSYSTEMS,62.32,0.6232,402.0,0.0,0.0008,0.12,uk,科技,电子,半导体,0.0
CIZ,CIZZLE BIOTECHNOLOGY,7.09,0.0709,1.95,0.0,0.0001,0.17,uk,医药,健康服务,健康服务,0.0
CIC,CONYGAR INVESTMENT COMPANY,57.55,0.5755,96.5,0.0,0.0025,0.43,uk,金融,资产管理,投资信托,0.0
CHLL,CHILL BRANDS,17.98,0.17980000000000002,6.25,0.0,0.0004,0.21,uk,医药,制药,其他制药,0.0
CAV,CAVENDISH FINANCIAL,12.22,0.1222,6.75,0.0,0.0001,0.11,uk,金融,资产管理,投资银行,0.0
BT.A,英国电信集团,11802.71,118.02709999999999,118.7,0.0,0.1928,0.16,uk,科技,通信,电信运营,0.0
BSFA,BSF ENTERPRISE,8.78,0.08779999999999999,8.5,0.0,0.0003,0.32,uk,金融,资产管理,金融集团,0.0
BRCK,BRICKABILITY,138.14,1.3814,46.0,0.0,0.0003,0.02,uk,消费,经销商,批发经销商,0.0
BPM,B.P. MARSH & PARTNERS,136.25,1.3625,366.0,0.0,0.0001,0.01,uk,金融,资产管理,投资经理,0.0
BOWL,HOLLYWOOD BOWL,409.53,4.0953,238.5,0.0,0.0040999999999999995,0.1,uk,消费,可选消费,电影娱乐,0.0
BOOM,AUDIOBOOM,29.48,0.2948,180.0,0.0,0.0021,0.71,uk,科技,IT技术,软件开发,0.0
BMY,布卢姆斯伯里出版,322.35,3.2235,395.0,0.0,0.0006,0.02,uk,消费,可选消费,出版：书籍/杂志,0.0
BLV,BELVOIR,82.42,0.8242,221.0,0.0,0.0002,0.02,uk,金融,房地产,房地产开发,0.0
BLTG,BLANCCO TECHNOLOGY,166.56,1.6656,220.0,0.0,0.1217,7.31,uk,科技,IT技术,软件开发,0.0
BLOE,BLOCK ENERGY,7.25,0.0725,1.0,0.0,0.0002,0.28,uk,资源,能源,油气生产,0.0
BEN,BENS CREEK,55.94,0.5594,14.0,0.0,0.0002,0.03,uk,资源,能源,煤炭,0.0
BBB,BIGBLU BROADBAND,21.66,0.21660000000000001,37.0,0.0,0.0001,0.04,uk,科技,通信,电信运营,0.0
B90,B90,14.53,0.14529999999999998,5.15,0.0,0.0004,0.25,uk,消费,可选消费,电影娱乐,0.0
AXL,ARROW EXPLORATION CORP. COM SHS,45.42,0.4542,18.5,0.0,0.0013,0.29,uk,资源,能源,油气生产,0.0
AVG,AVINGTRANS,125.78,1.2578,390.0,0.0,0.0009,0.07,uk,制造业,机械,机械加工设备,0.0
ATOM,ATOME ENERGY,33.67,0.3367,83.5,0.0,0.0002,0.07,uk,制造业,化工,特殊化学品,0.0
ASY,ANDREWS SYKES,254.29,2.5429,607.5,0.0,0.0001,0.01,uk,制造业,建筑业,建筑工程,0.0
ASTO,ASSETCO,52.88,0.5288,37.5,0.0,0.0001,0.02,uk,金融,资产管理,投资经理,0.0
ART,THE ARTISANAL SPIRITS COMPANY P,53.27,0.5327000000000001,75.5,0.0,0.0001,0.02,uk,消费,经销商,食品经销商,0.0
AREC,ARECOR THERAPEUTICS,58.95,0.5895,192.5,0.0,0.0002,0.03,uk,医药,制药,主要制药,0.0
ARCM,ARC MINERALS LIMITED,37.39,0.3739,3.05,0.0,0.0003,0.07,uk,资源,矿产,贵金属,0.0
ARB,ARGO BLOCKCHAIN,40.15,0.40149999999999997,7.5,0.0,0.0009,0.22,uk,科技,IT技术,数据处理,0.0
APTA,APTAMER,5.84,0.0584,1.25,0.0,0.0004,0.65,uk,医药,医疗,生物技术,0.0
ANG,ANGLING DIRECT,25.5,0.255,33.0,0.0,0.0001,0.05,uk,消费,零售,专卖店,0.0
AMGO,AMIGO,1.78,0.0178,0.375,0.0,0.0001,0.34,uk,金融,资产管理,金融租赁,0.0
ALU,ALUMASC,55.47,0.5547,153.5,0.0,0.0001,0.03,uk,制造业,建筑业,建筑产品,0.0
AIRE,ALTERNATIVE INCOME REIT,44.6,0.446,55.4,0.0,0.0007000000000000001,0.16,uk,金融,房地产,房地产投资信托,0.0
AFM,ALPHA FINANCIAL MARKETS CONSULT,390.43,3.9043,320.0,0.0,0.0027,0.07,uk,消费,商业服务,综合商业,0.0
AEX,AMINEX,48.43,0.4843,1.15,0.0,0.0001,0.03,uk,资源,能源,石油,0.0
AA4,AMEDEO AIR FOUR PLUS LIMITED RE,195.15,1.9515,44.95,0.0,0.001,0.05,uk,金融,资产管理,金融租赁,0.0
CNA,英国森特理克,8607.57,86.0757,156.95,-0.03,0.2073,0.24,uk,公用事业,燃气,燃气,2.4832973903762593e-05
III,3I集团,20148.23,201.4823,2070.0,-0.1,0.3347,0.17,uk,金融,资产管理,投资经理,0.0003652357720468433
RIO,力拓(UK),63468.99,634.6899,5073.0,-0.1,0.6351,0.1,uk,资源,矿产,其他金属,0.0005866825456813487
CARD,CARD FACTORY,311.28,3.1127999999999996,90.8,-0.11,0.0109,0.35,uk,消费,零售,专卖店,3.7342160599680814e-05
PSON,培生,6497.38,64.9738,906.6,-0.11,0.1489,0.23,uk,消费,可选消费,出版：书籍/杂志,0.00023731128507605587
CWK,CRANSWICK,1884.17,18.8417,3496.0,-0.11,0.0148,0.08,uk,消费,食品饮料,肉蛋奶,3.069437720142417e-05
BOOT,BOOT (HENRY),254.24,2.5424,189.75,-0.13,0.0004,0.02,uk,制造业,建筑业,住宅建筑,2.01038525575868e-06
TRB,TRIBAL,150.89,1.5089,71.1,-0.14,0.001,0.07,uk,科技,IT技术,软件开发,6.8268353474421334e-06
SDY,SPEEDY HIRE,145.48,1.4547999999999999,31.5,-0.16,0.0007000000000000001,0.05,uk,金融,资产管理,金融租赁,6.224447308845511e-06
SMS,智能电表系统,819.01,8.1901,614.0,-0.16,0.0096,0.12,uk,制造业,建筑业,建筑工程,5.034744137616941e-05
TIG,TEAM INTERNET,331.04,3.3104,122.0,-0.16,0.0028000000000000004,0.08,uk,消费,商业服务,广告营销,1.920217065511873e-05
ITM,ITM POWER,427.13,4.2713,69.24,-0.17,0.0062,0.14,uk,制造业,机械,电力设备,4.4063378579982645e-05
CKN,克拉克森,824.74,8.2474,2690.0,-0.19,0.0060999999999999995,0.07,uk,制造业,运输,海运,4.41043943463012e-05
NANO,NANOCO,51.94,0.5194,16.01,-0.19,0.0008,0.16,uk,科技,电子,半导体,1.3149532650559102e-05
RTO,能多洁,15357.22,153.57219999999998,608.8,-0.2,0.23079999999999998,0.15,uk,消费,商业服务,综合商业,0.0009803204752276704
BAG,BARR (A.G.),551.18,5.511799999999999,492.0,-0.2,0.0103,0.19,uk,消费,食品饮料,饮料,9.196556831341666e-05
NETW,NETWORK INTERNATIONAL,2074.52,20.7452,389.4,-0.21,0.054900000000000004,0.26,uk,金融,银行,地区银行,0.00037815887025344436
BME,B&M EUROPEAN VALUE RETAIL S.A.,5761.83,57.6183,574.6,-0.21,0.08539999999999999,0.15,uk,消费,零售,折扣店,0.00047321416802515484
DRX,DRAX,1609.7,16.097,418.6,-0.21,0.129,0.81,uk,公用事业,电力,电力公司,0.000944234944597371
MIDW,MIDWICH,417.14,4.1714,404.0,-0.25,0.0024,0.06,uk,消费,经销商,批发经销商,3.523204121541727e-05
DLAR,得利来,117.53,1.1753,60.0,-0.25,0.0027,0.23,uk,消费,商业服务,印刷,5.894987952121307e-05
JHD,JAMES HALSTEAD,406.33,4.0633,195.0,-0.26,0.0024,0.06,uk,制造业,建筑业,建筑产品,3.817141414302073e-05
CAPD,CAPITAL LD COMM SHS USD0.0001 (,149.15,1.4915,77.0,-0.26,0.0006,0.04,uk,制造业,建筑业,建筑工程,1.3080524331867555e-05
TENG,TEN LIFESTYLE,79.51,0.7951,93.75,-0.27,0.0001,0.01,uk,科技,IT技术,互联网,2.8195116529426e-06
FXPO,FERREXPO,448.3,4.4830000000000005,74.95,-0.27,0.0042,0.09,uk,资源,矿产,钢,6.947677009924143e-05
PANR,PANTHEON RESOURCES,268.71,2.6870999999999996,29.62,-0.27,0.0064,0.24,uk,资源,能源,油气生产,0.00012409633246535825
COA,COATS,1142.43,11.4243,71.5,-0.28,0.010700000000000001,0.09,uk,制造业,化工,纺织品,0.00014520955429285978
VCT,威格斯,1214.78,12.1478,1396.0,-0.29,0.0275,0.23,uk,制造业,化工,化学原料,0.0003915840688000029
EPIC,EDISTON PROPERTY INVESTMENT COM,145.4,1.454,68.8,-0.29,0.0037,0.25,uk,金融,房地产,房地产投资信托,9.928656148809246e-05
PSDL,PHOENIX SPREE DEUTSCHLAND LIMIT,155.19,1.5519,169.0,-0.29,0.0003,0.02,uk,金融,房地产,房地产开发,7.88766847465139e-06
REL,RELX集团,55042.51,550.4251,2913.0,-0.31,0.7591,0.14,uk,消费,商业服务,综合商业,0.005967829313871897
ROO,DELIVEROO,2149.4,21.494,125.1,-0.32,0.0252,0.12,uk,科技,IT技术,软件开发,0.000373061889697355
SMJ,SMART (J.) & CO. (CONTRACTORS),60.68,0.6068,152.5,-0.33,0.0001,0.01,uk,制造业,建筑业,住宅建筑,4.3666964256290635e-06
GTLY,GATELEY (HOLDINGS),189.11,1.8911000000000002,145.5,-0.34,0.0003,0.02,uk,消费,商业服务,综合商业,9.885863905095713e-06
SKG,司墨飞·卡帕集团,7170.16,71.7016,2754.0,-0.36,0.1067,0.15,uk,制造业,化工,包装,0.0015196225004924268
BIG,BIG TECHNOLOGIES,599.43,5.994299999999999,206.25,-0.36,0.0003,0.0,uk,科技,电子,计算机通讯,7.66920201580151e-06
SBRE,SABRE INSURANCE,395.5,3.955,158.2,-0.38,0.0005,0.01,uk,金融,保险,财产/意外伤害保险,1.594725670413641e-05
GDWN,GOODWIN,384.49,3.8449,5120.0,-0.39,0.0019,0.05,uk,制造业,机械,机械加工设备,6.402740028037639e-05
ASC,ASOS,452.5,4.525,379.5,-0.39,0.0223,0.49,uk,科技,IT技术,网络零售,0.0007150448245008045
CARR,CARR'S,118.63,1.1863,126.0,-0.4,0.0011,0.09,uk,消费,食品饮料,零食,5.609104543593147e-05
AIBG,AIB,9584.64,95.84639999999999,366.0,-0.41,0.0741,0.08,uk,金融,银行,主要银行,0.0012625075946668682
NXQ,NEXTEQ,79.82,0.7981999999999999,120.0,-0.41,0.0005,0.07,uk,消费,可选消费,休闲产品,2.9920322440716476e-05
MGAM,摩根新材料,684.89,6.8488999999999995,240.0,-0.41,0.0055000000000000005,0.08,uk,制造业,化工,特种工业品,0.00017064868342394417
HSW,HOSTELWORLD,142.64,1.4264,115.5,-0.43,0.0002,0.01,uk,消费,可选消费,其他消费者服务,1.0953502712343655e-05
KGH,KNIGHTS,76.78,0.7678,92.0,-0.43,0.0021,0.27,uk,消费,商业服务,综合商业,0.00013821383955163306
AVAP,AVATION,80.81,0.8081,114.0,-0.44,0.0007000000000000001,0.08,uk,金融,资产管理,金融租赁,4.730139409307944e-05
LLOY,劳埃德银行(UK),27471.07,274.7107,43.23,-0.44,0.6638,0.24,uk,金融,银行,主要银行,0.010789868918974564
AEET,AQUILA ENERGY EFFICIENCY TRUST,56.0,0.56,56.0,-0.44,0.0001,0.01,uk,金融,资产管理,金融集团,7.447679769596572e-06
PDG,PENDRAGON,467.98,4.6798,33.5,-0.45,0.0053,0.11,uk,消费,零售,专卖店,0.00021677787408592528
ERGO,ERGOMED,680.78,6.807799999999999,1334.0,-0.45,0.0296,0.43,uk,消费,商业服务,综合商业,0.0010845848485790907
SOLI,SOLID STATE,124.04,1.2404000000000002,1095.0,-0.45,0.0011,0.09,uk,消费,经销商,电子产品经销商,6.815820619133753e-05
VOD,沃达丰(UK),20919.78,209.1978,77.26,-0.46,0.2593,0.12,uk,科技,通信,电信运营,0.004752902401203899
SMV,SMOOVE,34.06,0.3406,52.5,-0.47,0.0013,0.39,uk,科技,IT技术,互联网,0.00012148041120492132
REVB,REVOLUTION BEAUTY,64.12,0.6412,20.7,-0.48,0.0052,0.81,uk,消费,日常消费,个人护理,0.0004359813861428786
SRP,SERCO,1586.9,15.869000000000002,143.8,-0.48,0.0176,0.11,uk,消费,商业服务,综合商业,0.0005768421969049257
AV.,AVIVA,11233.22,112.3322,410.2,-0.49,0.2348,0.21,uk,金融,保险,多险种保险,0.005326220454299972
JMAT,庄信万丰,2783.91,27.8391,1517.5,-0.49,0.0594,0.21,uk,制造业,化工,化学原料,0.0017702215765455207
NRR,NEWRIVER REIT,246.64,2.4663999999999997,78.9,-0.5,0.0029,0.12,uk,金融,房地产,房地产投资信托,0.00017408941151065524
KCT,KIN AND CARTA,138.96,1.3896000000000002,78.1,-0.51,0.0095,0.68,uk,消费,商业服务,综合商业,0.000707689467527926
WDS,WOODSIDE ENERGY,35646.67,356.4667,1870.0,-0.53,0.0077,0.0,uk,资源,能源,油气生产,0.0001668163547790487
LGRS,LOUNGERS,192.89,1.9288999999999998,186.0,-0.53,0.0076,0.39,uk,消费,可选消费,餐厅,0.0005459457106372455
ASCL,ASCENTIAL,991.39,9.9139,223.0,-0.54,0.039,0.39,uk,消费,商业服务,综合商业,0.0017709975811236469
SGE,赛捷集团,10417.73,104.1773,1014.5,-0.54,0.32280000000000003,0.31,uk,科技,IT技术,软件开发,0.00878636050813876
ADT1,ADRIATIC METALS,529.76,5.2976,181.0,-0.55,0.0012,0.02,uk,资源,矿产,其他金属,6.714215671227163e-05
CPC,CITY PUB,92.95,0.9295,89.5,-0.56,0.0002,0.02,uk,消费,可选消费,餐厅,1.9784563772312026e-05
SERE,SCHRODER EUROPEAN REAL ESTATE I,91.47,0.9147,68.4,-0.58,0.0008,0.08,uk,金融,房地产,房地产投资信托,8.446817563389208e-05
RNWH,RENEW,540.48,5.4048,683.0,-0.58,0.0054,0.1,uk,制造业,建筑业,建筑工程,0.0003291908551658609
TTG,TT ELECTRONICS,300.28,3.0027999999999997,170.0,-0.58,0.0014000000000000002,0.05,uk,科技,电子,元器件,0.0001021523076960836
SMSD,SAMSUNG ELECTRONICS CO LTD (ATT,364.34,3.6433999999999997,1008.0,-0.59,0.0002,0.0,uk,科技,通信,通信设备,1.4148818951421e-05
XPP,蔼克彼电源,196.16,1.9616,994.0,-0.6,0.0179,0.92,uk,制造业,机械,电力设备,0.0015844496365695537
AEWU,AEW UK REIT,156.84,1.5684,99.0,-0.6,0.0007000000000000001,0.05,uk,金融,房地产,房地产投资信托,6.650363499135009e-05
ALFA,ALFA FINANCIAL SOFTWARE HOLDING,478.26,4.7825999999999995,162.0,-0.61,0.001,0.02,uk,科技,IT技术,软件开发,6.894411174247413e-05
HLCL,HELICAL,237.07,2.3707,193.8,-0.62,0.0075,0.32,uk,金融,房地产,房地产开发,0.0006612306770974752
CPG,康帕斯集团,35515.96,355.1596,2072.0,-0.62,0.32909999999999995,0.09,uk,消费,可选消费,餐厅,0.009348034729834694
ANTO,安托法加斯塔公司,13772.42,137.7242,1397.0,-0.64,0.08990000000000001,0.07,uk,资源,矿产,其他金属,0.0031244301713070862
GSK,葛兰素史克(UK),61834.89,618.3489,1510.0,-0.64,0.7436,0.12,uk,医药,制药,主要制药,0.0206384164318057
GPH,GLOBAL PORTS HOLDING,157.17,1.5716999999999999,231.0,-0.65,0.0003,0.02,uk,制造业,运输,海运,3.266068442372923e-05
CRW,CRANEWARE,530.26,5.3026,1500.0,-0.66,0.0042,0.08,uk,科技,IT技术,软件开发,0.0003212165722585461
SMDS,史密斯,3869.26,38.6926,280.9,-0.67,0.0617,0.16,uk,制造业,化工,包装,0.0029379650769971043
STVG,苏格兰电视台,85.97,0.8597,184.0,-0.67,0.0002,0.02,uk,消费,可选消费,广播,2.7511805006599173e-05
ITH,ITHACA ENERGY,1785.3,17.852999999999998,176.0,-0.68,0.005,0.03,uk,资源,能源,石油,0.00029032022171509534
RESI,RESIDENTIAL SECURE INCOME,108.51,1.0851,58.6,-0.68,0.0016,0.14,uk,金融,房地产,房地产投资信托,0.0002108156651866771
YCA,YELLOW CAKE,1108.14,11.0814,511.0,-0.68,0.047,0.43,uk,消费,经销商,批发经销商,0.0030768161692742175
NXR,NORCROS,128.55,1.2855,144.0,-0.69,0.0009,0.07,uk,制造业,建筑业,建筑产品,0.00011544778861235154
BOKU,"BOKU, INC.",424.67,4.246700000000001,143.5,-0.69,0.0008,0.02,uk,科技,IT技术,软件开发,7.053155160458345e-05
TEG,TEN ENTERTAINMENT,193.16,1.9316,282.0,-0.7,0.0003,0.02,uk,消费,可选消费,电影娱乐,3.470150510037076e-05
MRO,MELROSE INDUSTRIES,6440.42,64.4042,478.1,-0.71,0.32380000000000003,0.5,uk,制造业,机械,航空航天与国防,0.015369873932712243
ECO,ECO (ATLANTIC) OIL & GAS LTD CO,37.69,0.37689999999999996,10.3,-0.72,0.0002,0.05,uk,资源,能源,油气生产,3.8153611271504136e-05
UKCM,UK COMMERCIAL PROPERTY REIT LIM,710.78,7.1078,54.7,-0.73,0.013600000000000001,0.19,uk,金融,房地产,房地产投资信托,0.0011331989269969932
SEE,SEEING MACHINES LIMITED,226.32,2.2632,5.45,-0.73,0.0019,0.08,uk,制造业,汽车,汽车零部件,0.00022432656793507671
HMSO,HAMMERSON,1224.67,12.2467,24.52,-0.73,0.0197,0.16,uk,金融,房地产,房地产投资信托,0.0014166139655626428
CGEO,GEORGIA CAPITAL,416.36,4.1636,950.0,-0.73,0.0005,0.01,uk,金融,资产管理,金融集团,4.8777570982680615e-05
WG.,伍德集团,1028.07,10.2807,148.6,-0.73,0.0174,0.17,uk,消费,商业服务,综合商业,0.0013099457928939108
FORT,FORTERRA,287.28,2.8728,135.0,-0.74,0.0262,0.91,uk,制造业,建筑业,建筑材料,0.0029347334477851663
RWS,RWS,908.96,9.0896,238.8,-0.75,0.0073,0.08,uk,消费,商业服务,综合商业,0.0005945214522649389
LBE,LONGBOAT ENERGY,9.35,0.0935,16.5,-0.75,0.0002,0.26,uk,资源,能源,油服工程,4.95130053663873e-05
COST,COSTAIN,145.24,1.4524000000000001,52.8,-0.75,0.0012,0.08,uk,制造业,建筑业,建筑工程,0.00017059592586630902
COD,COMPAGNIE DE SAINT-GOBAIN COMPA,272.42,2.7242,51.4,-0.77,0.0002,0.01,uk,制造业,建筑业,建筑产品,2.4353087736122636e-05
QQ.,QINETIQ,1923.79,19.2379,332.4,-0.78,0.0554,0.29,uk,制造业,机械,航空航天与国防,0.0039816374361172965
SOHO,TRIPLE POINT SOCIAL HOUSING REI,201.06,2.0106,51.1,-0.78,0.0039000000000000003,0.19,uk,金融,房地产,房地产投资信托,0.0005343610069228182
PMP,PORTMEIRION,35.4,0.354,253.0,-0.78,0.0008,0.23,uk,消费,可选消费,家居摆设,0.0001768300945189177
STAN,渣打集团,20296.66,202.9666,750.4,-0.79,0.4127,0.2,uk,金融,银行,主要银行,0.019219522228578013
HSBA,汇丰控股,127381.32,1273.8132,652.6,-0.81,0.9671,0.08,uk,金融,银行,主要银行,0.03639944509183178
SHC,SHAFTESBURY CAPITAL,943.41,9.434099999999999,110.8,-0.81,0.0203,0.21,uk,金融,房地产,房地产投资信托,0.0018616591971551398
LTOD,LARSEN AND TOUBRO LIMITED GDS (,517.42,5.1742,36.9,-0.81,0.0001,0.0,uk,制造业,建筑业,建筑工程,1.0876847439919911e-05
SNWS,SMITHS NEWS,103.77,1.0377,41.9,-0.83,0.0003,0.03,uk,消费,经销商,批发经销商,5.599038690604578e-05
RCDO,里卡多,291.18,2.9118,468.0,-0.85,0.0009,0.03,uk,消费,商业服务,综合商业,0.00012653913655627055
CHH,丘吉尔瓷器,127.57,1.2756999999999998,1160.0,-0.85,0.0007000000000000001,0.05,uk,消费,可选消费,家居摆设,0.0001276763592891349
HSP,HARGREAVES SERVICES,132.35,1.3235,404.5,-0.86,0.0013,0.1,uk,消费,商业服务,综合商业,0.00023903038838416252
FGP,第一集团,1001.52,10.0152,150.0,-0.86,0.0204,0.2,uk,制造业,运输,其他交通,0.0020337446201594946
CGS,CASTINGS,149.93,1.4993,345.0,-0.86,0.0002,0.01,uk,制造业,机械,金属加工,3.537404813737968e-05
AMRQ,AEX GOLD INC COM SHS NPV (DI),151.61,1.5161000000000002,57.5,-0.86,0.0011,0.07,uk,资源,矿产,贵金属,0.000193879359541795
KSPI,JOINT STOCK COMPANY KASPI.KZ GD,183.34,1.8334000000000001,91.9,-0.86,0.0002,0.01,uk,金融,资产管理,金融租赁,3.320000228391236e-05
CWR,CERES POWER,485.53,4.8553,251.8,-0.87,0.0123,0.25,uk,科技,电子,电子生产设备,0.0015353603987026372
TXP,TOUCHSTONE EXPLORATION INC COM,132.33,1.3233000000000001,56.5,-0.88,0.0004,0.03,uk,资源,能源,油气生产,7.640430778130498e-05
CURY,CURRYS,536.14,5.3614,47.3,-0.88,0.008199999999999999,0.15,uk,消费,经销商,批发经销商,0.001012771869738394
CTEC,CONVATEC,4144.67,41.4467,202.2,-0.88,0.12279999999999999,0.3,uk,医药,医疗,医疗器械,0.009104274970755184
AO.,AO WORLD,486.29,4.8629,84.05,-0.88,0.0040999999999999995,0.08,uk,科技,IT技术,网络零售,0.0005213113538738169
IBST,IBSTOCK,525.62,5.2562,133.8,-0.89,0.0073,0.14,uk,制造业,建筑业,建筑材料,0.0009240138569199548
SMIN,史密斯集团,5607.53,56.0753,1613.5,-0.89,0.0726,0.13,uk,制造业,机械,电力设备,0.005162018862703413
ADF,FACILITIES BY ADF,44.9,0.449,55.5,-0.89,0.0003,0.06,uk,金融,资产管理,金融租赁,7.848991288720181e-05
API,ABRDN PROPERTY INCOME TRUST LIM,188.89,1.8888999999999998,49.55,-0.9,0.0016,0.09,uk,金融,房地产,房地产投资信托,0.0002836403406359577
PMI,PREMIER MITON,86.85,0.8684999999999999,55.0,-0.9,0.0013,0.15,uk,金融,资产管理,投资经理,0.00029224930431592664
GMR,GAMING REALMS,96.5,0.965,32.9,-0.9,0.0013,0.14,uk,科技,IT技术,软件开发,0.00028346586381466156
SUS,S & U,264.89,2.6489,2180.0,-0.91,0.0003,0.01,uk,金融,资产管理,金融租赁,4.8647382922484543e-05
JSG,JOHNSON SERVICE,551.96,5.5196000000000005,130.8,-0.91,0.011200000000000002,0.2,uk,消费,商业服务,综合商业,0.0014495081254512713
CCEP,可口可乐欧洲太平洋合伙(UK),250.15,2.5015,54.5,-0.91,0.0001,0.0,uk,消费,食品饮料,饮料,1.651254982546466e-05
CAL,CAPITAL & REGIONAL,118.7,1.187,54.0,-0.92,0.0001,0.01,uk,金融,房地产,房地产投资信托,2.125163837980842e-05
WEN,WENTWORTH RESOURCES,47.4,0.474,26.75,-0.93,0.0001,0.02,uk,资源,能源,油气生产,2.7782445734629385e-05
LORD,LORDS,88.56,0.8856,53.5,-0.93,0.0001,0.01,uk,消费,经销商,批发经销商,2.359587943742753e-05
ANP,ANPARIO,53.67,0.5367000000000001,267.5,-0.93,0.0005,0.09,uk,制造业,化工,农产品,0.00013486453654321684
CSN,CHESNARA,395.3,3.9530000000000003,262.5,-0.94,0.0034999999999999996,0.09,uk,金融,保险,多险种保险,0.000528302447939363
BEZ,BEAZLEY,3506.89,35.0689,521.5,-0.95,0.07200000000000001,0.2,uk,金融,保险,专业保险,0.006270229487703223
STB,SECURE TRUST BANK,116.42,1.1642000000000001,622.0,-0.96,0.0002,0.02,uk,金融,银行,主要银行,4.585030261702008e-05
LSEG,伦敦证券交易所,41025.93,410.2593,8212.0,-0.96,0.3944,0.1,uk,金融,资产管理,投资银行,0.022826334788586197
CAML,中亚金属,298.69,2.9869,164.2,-0.97,0.0051,0.17,uk,资源,矿产,其他金属,0.0008843091452971923
ELIX,ELIXIRR INTERNATIONAL,233.24,2.3324000000000003,505.0,-0.98,0.0001,0.01,uk,消费,商业服务,综合商业,1.906770208846662e-05
WIX,WICKES,339.12,3.3912,131.0,-0.98,0.004,0.12,uk,消费,零售,专卖店,0.0006778402020734585
SCE,SURFACE TRANSFORMS,59.83,0.5982999999999999,24.75,-1.0,0.0003,0.04,uk,制造业,汽车,汽车零部件,8.869545012861743e-05
KEYS,KEYSTONE LAW,154.81,1.5481,495.0,-1.0,0.0003,0.02,uk,消费,商业服务,综合商业,6.732037116217922e-05
XPS,XPS PENSIONS,404.71,4.0470999999999995,195.0,-1.02,0.0106,0.26,uk,金融,资产管理,投资经理,0.0018155484700151873
BRES,BLENCOWE RESOURCES,8.63,0.0863,4.85,-1.02,0.0004,0.44,uk,资源,矿产,其他金属,0.00016570186826897246
UPR,UNIPHAR,524.19,5.2419,192.0,-1.03,0.0003,0.01,uk,消费,经销商,医疗经销商,4.82883370597686e-05
ITRK,天祥集团,6780.13,67.8013,4201.0,-1.04,0.0701,0.1,uk,消费,商业服务,综合商业,0.0062036003130564316
BRBY,博柏利,6406.33,64.0633,1756.0,-1.04,0.2724,0.42,uk,消费,日常消费,服装鞋类,0.024366630614703275
DXRX,DIACEUTICS,78.99,0.7898999999999999,93.5,-1.06,0.0006,0.08,uk,医药,医疗,生物技术,0.00018107744372488873
BNZL,本泽商贸,10105.43,101.0543,2990.0,-1.06,0.12960000000000002,0.13,uk,消费,经销商,批发经销商,0.011000360595316915
DELT,DELTIC ENERGY,21.64,0.2164,23.25,-1.06,0.0002,0.11,uk,金融,资产管理,投资信托,7.985463645267574e-05
NXT,耐斯特,8690.72,86.90719999999999,6854.0,-1.07,0.17170000000000002,0.2,uk,消费,零售,百货商店,0.015200600336375948
DEC,DIVERSIFIED ENERGY COMPANY,716.99,7.1699,74.05,-1.07,0.0269,0.37,uk,资源,能源,油气生产,0.004206325145555499
GHT,GRESHAM TECHNOLOGIES,115.68,1.1568,138.0,-1.08,0.0001,0.01,uk,科技,IT技术,软件开发,2.7828211057007874e-05
RHIM,RHI MAGNESITA N.V.,1297.61,12.976099999999999,2754.0,-1.08,0.0048,0.04,uk,资源,矿产,其他金属,0.0006494975278380587
SBRY,森宝利(英伯瑞),6071.58,60.7158,256.4,-1.08,0.0966,0.16,uk,消费,零售,食品零售,0.009281389014587376
CRH,CRH公司,33568.47,335.6847,4742.0,-1.08,0.9297,0.28,uk,制造业,建筑业,建筑材料,0.06710177237096933
RGL,REGIONAL REIT LIMITED,140.28,1.4028,27.2,-1.09,0.0012,0.08,uk,金融,房地产,房地产投资信托,0.00031944874266743
CHG,CHEMRING,760.99,7.6099,268.5,-1.1,0.0109,0.14,uk,制造业,机械,航空航天与国防,0.0017527803233700844
WRKS,THEWORKS.CO.UK,25.06,0.2506,40.1,-1.11,0.0003,0.13,uk,消费,零售,专卖店,0.00012613501689894571
PTAL,PETROTAL CORPORATION COM SHS NP,408.02,4.0802,44.5,-1.11,0.0007000000000000001,0.02,uk,资源,能源,石油,0.00013717435515906147
NICL,NICHOLS,324.63,3.2462999999999997,890.0,-1.11,0.0019,0.06,uk,消费,食品饮料,饮料,0.00039962332090172587
IES,INVINITY ENERGY SYSTEMS,85.01,0.8501000000000001,44.5,-1.11,0.0002,0.02,uk,制造业,机械,电力设备,6.370231555169517e-05
CRST,CREST NICHOLSON,432.91,4.3291,168.5,-1.12,0.009899999999999999,0.23,uk,制造业,建筑业,住宅建筑,0.0019331042987172148
AXS,ACCSYS TECHNOLOGIES,151.91,1.5191,69.0,-1.15,0.0003,0.02,uk,制造业,化工,特种工业品,8.49339515075719e-05
EAAS,EENERGY,15.08,0.1508,4.3,-1.15,0.0002,0.14,uk,制造业,建筑业,建筑工程,9.551990867039113e-05
CCH,可口可乐HBC,7789.89,77.8989,2115.0,-1.17,0.0738,0.09,uk,消费,食品饮料,饮料,0.007698559976825401
IHG,洲际酒店(UK),9936.3,99.363,6010.0,-1.18,0.3066,0.31,uk,消费,可选消费,酒店,0.03103238426889727
PGH,PERSONAL,51.87,0.5186999999999999,166.0,-1.19,0.0002,0.04,uk,金融,保险,保险经纪人,8.11687348125119e-05
DCC,DCC公司,4552.32,45.523199999999996,4609.0,-1.2,0.0452,0.1,uk,公用事业,燃气,燃气,0.005446428117311374
SOU,SOUND ENERGY,15.45,0.1545,0.821,-1.2,0.0001,0.08,uk,资源,能源,油气生产,5.099347325504305e-05
PFD,PREMIER FOODS,995.53,9.9553,114.6,-1.21,0.0069,0.07,uk,消费,食品饮料,零食,0.0012015578208790158
MOTR,MOTORPOINT,73.78,0.7378,81.8,-1.21,0.0004,0.06,uk,消费,零售,专卖店,0.00015225783443912429
FAN,VOLUTION,741.13,7.4113,375.2,-1.21,0.0362,0.48,uk,制造业,机械,机械加工设备,0.006836091712143656
RTN,餐饮集团,497.29,4.9729,65.0,-1.22,0.2034,4.07,uk,消费,可选消费,餐厅,0.043699923525652606
IMI,皇家金属工业(IMI),4022.46,40.2246,1542.0,-1.22,0.0352,0.09,uk,制造业,机械,机械加工设备,0.00446675761758415
DPLM,DIPLOMA,3897.72,38.977199999999996,2908.0,-1.22,0.052300000000000006,0.13,uk,消费,经销商,批发经销商,0.006680183171445924
EXPN,益博睿(益百利),25533.5,255.335,2776.0,-1.25,0.2498,0.1,uk,消费,商业服务,综合商业,0.023753964881876
CLX,CALNEX SOLUTIONS,41.57,0.4157,47.5,-1.25,0.0006,0.15,uk,科技,通信,通信设备,0.0002771624195414591
DCTA,DIRECTA PLUS,26.09,0.2609,39.5,-1.25,0.0001,0.04,uk,制造业,机械,电力设备,5.053620043352301e-05
VAL,VALIRX,9.98,0.0998,9.75,-1.27,0.0006,0.55,uk,医药,制药,主要制药,0.00034980392821668904
AGR,ASSURA,1199.17,11.991700000000002,40.44,-1.27,0.0559,0.46,uk,金融,房地产,房地产投资信托,0.010013241859571108
AUTO,AUTO TRADER,5828.43,58.2843,636.8,-1.27,0.08800000000000001,0.15,uk,科技,IT技术,互联网,0.011054956111517487
IDOX,IDOX,282.83,2.8283,62.0,-1.27,0.0018,0.06,uk,科技,IT技术,软件开发,0.0004906208872503329
GLEN,嘉能可,56218.2,562.182,456.3,-1.28,1.3777000000000001,0.24,uk,资源,矿产,其他金属,0.12145003544315724
TMIP,TAYLOR MARITIME INVESTMENTS LIM,229.83,2.2983000000000002,69.6,-1.28,0.0015,0.06,uk,金融,资产管理,金融集团,0.0004421120700487391
NFG,NEXT 15,613.94,6.1394,616.0,-1.28,0.024900000000000002,0.4,uk,消费,商业服务,广告营销,0.005428038753604206
HTG,亨廷,507.19,5.0719,307.5,-1.28,0.0263,0.51,uk,资源,能源,油服工程,0.006064415998722915
TSCO,乐购,19588.21,195.88209999999998,275.6,-1.29,0.41609999999999997,0.21,uk,消费,零售,食品零售,0.0433504599649294
TIFS,TI FLUID SYSTEMS,634.19,6.341900000000001,122.0,-1.29,0.0055000000000000005,0.09,uk,制造业,汽车,汽车零部件,0.0012025551784434632
MERC,MERCIA ASSET MANAGEMENT,101.84,1.0184,22.8,-1.3,0.0003,0.03,uk,金融,资产管理,金融集团,0.0001167748178101848
THRL,TARGET HEALTHCARE REIT,470.14,4.7014,75.8,-1.3,0.0098,0.21,uk,金融,房地产,房地产投资信托,0.002369343681513534
SNG,SYNAIRGEN,14.5,0.145,7.2,-1.3,0.0002,0.15,uk,医药,制药,主要制药,0.00011671983923793135
AZN,阿斯利康(UK),170086.7,1700.8670000000002,10974.0,-1.31,1.2024,0.07,uk,医药,制药,主要制药,0.09556153410658615
CCL,嘉年华邮轮(UK),1678.35,16.7835,898.4,-1.32,0.0438,0.26,uk,消费,可选消费,酒店,0.007667010555942305
WIN,WINCANTON,326.3,3.263,262.0,-1.32,0.0025,0.08,uk,制造业,运输,物流,0.0006927376568980818
SPE,SOPHEON,59.63,0.5963,560.0,-1.32,0.0001,0.02,uk,科技,IT技术,软件开发,4.625473885663792e-05
MNDI,英国蒙迪集团,4843.58,48.4358,1381.0,-1.32,0.08990000000000001,0.18,uk,制造业,化工,包装,0.012453571325345211
HAT,H&T,196.63,1.9663,447.0,-1.32,0.0032,0.16,uk,金融,资产管理,金融租赁,0.0010407634078110355
BVIC,BRITVIC,2102.03,21.020300000000002,817.5,-1.33,0.0902,0.43,uk,消费,食品饮料,饮料,0.01514472372359564
LAND,土地证券集团,4409.45,44.0945,592.0,-1.33,0.0621,0.14,uk,金融,房地产,房地产投资信托,0.0088724829561417
HFG,希尔顿食品集团,588.69,5.886900000000001,657.0,-1.35,0.0067,0.11,uk,消费,食品饮料,肉蛋奶,0.0016088483088481733
BGO,BANGO,140.13,1.4013,182.5,-1.35,0.0006,0.05,uk,科技,IT技术,软件开发,0.00022499236759521396
CCC,COMPUTACENTER,2974.52,29.7452,2606.0,-1.36,0.0508,0.17,uk,科技,IT技术,信息技术,0.008169583908600175
ANCR,ANIMALCARE,108.19,1.0819,180.0,-1.37,0.0002,0.02,uk,医药,制药,其他制药,8.308284625607723e-05
RMV,RIGHTMOVE,4732.86,47.328599999999994,585.6,-1.38,0.1015,0.21,uk,金融,房地产,房地产开发,0.015155174858316496
DGE,帝亚吉欧(UK),68549.21,685.4921,3047.0,-1.39,0.8985,0.13,uk,消费,食品饮料,酒,0.08788579331028121
CREI,CUSTODIAN PROPERTY INCOME REIT,371.2,3.7119999999999997,84.2,-1.41,0.0015,0.04,uk,金融,房地产,房地产投资信托,0.00044320039795609477
DOTD,DOTDIGITAL,208.99,2.0899,70.0,-1.41,0.0173,0.83,uk,科技,IT技术,软件开发,0.006125116897273955
AHT,Ashtead集团,21663.64,216.63639999999998,4947.0,-1.41,0.2569,0.12,uk,金融,资产管理,金融租赁,0.030326293047967516
KGF,翠丰集团,3924.63,39.2463,206.9,-1.43,0.17489999999999997,0.45,uk,消费,零售,家居装修,0.02869786166250846
PHP,PRIMARY HEALTH PROPERTIES,1182.13,11.8213,88.45,-1.45,0.0329,0.28,uk,金融,房地产,房地产投资信托,0.007294749159658604
EMH,EUROPEAN METALS,68.71,0.6870999999999999,33.5,-1.47,0.0001,0.02,uk,制造业,化工,农用化学品,5.282182397162774e-05
IDS,INTERNATIONAL DISTRIBUTIONS SER,2412.48,24.1248,252.3,-1.48,0.018500000000000003,0.08,uk,制造业,运输,物流,0.0035611952498318424
NIOX,NIOX,277.49,2.7749,66.0,-1.49,0.0017000000000000001,0.06,uk,医药,健康服务,健康服务,0.0005999453032517864
JSE,JADESTONE ENERGY,178.45,1.7845,33.0,-1.49,0.0006,0.03,uk,资源,能源,石油,0.0002435799513217761
PHNX,凤凰集团控股,4650.07,46.500699999999995,464.3,-1.51,0.17679999999999998,0.38,uk,金融,保险,人寿/健康保险,0.030518185501422417
IQG,IQGEO,160.72,1.6072,261.0,-1.51,0.0008,0.05,uk,科技,IT技术,软件开发,0.0003427639460914976
ROR,ROTORK,2686.03,26.860300000000002,312.0,-1.52,0.0393,0.15,uk,制造业,机械,机械加工设备,0.007699223060205386
BOCH,BANK OF CYPRUS,1155.66,11.556600000000001,259.0,-1.52,0.0144,0.12,uk,金融,银行,地区银行,0.0034579528330473813
ABF,英联食品,14903.18,149.0318,1941.5,-1.52,0.1229,0.08,uk,消费,食品饮料,主食,0.01733316153735773
NWG,NATWEST,20029.12,200.2912,225.9,-1.53,0.3383,0.17,uk,金融,银行,主要银行,0.04595634571193828
SRC,SIGMAROC,328.06,3.2806,51.4,-1.53,0.0013,0.04,uk,制造业,建筑业,建筑材料,0.0004536948433373164
BCG,BALTIC CLASSIFIEDS,948.76,9.4876,192.0,-1.54,0.0086,0.09,uk,科技,IT技术,互联网,0.0022210486138752893
SGRO,思格卢公司,8949.16,89.4916,729.0,-1.57,0.1346,0.15,uk,金融,房地产,房地产投资信托,0.02180034787789021
BUR,伯福德资本,2321.0,23.21,1060.0,-1.58,0.012,0.05,uk,金融,资产管理,金融租赁,0.0025810292535219533
CPP,CPPGROUP,11.01,0.1101,124.5,-1.58,0.0001,0.11,uk,金融,保险,财产/意外伤害保险,8.153503207308275e-05
LXI,LXI REIT,1539.6,15.395999999999999,89.8,-1.59,0.0282,0.18,uk,金融,房地产,房地产投资信托,0.006753969392980256
JET2,JET2,2247.71,22.4771,1047.0,-1.6,0.0338,0.15,uk,消费,可选消费,其他消费者服务,0.007468414022548396
NAH,NAHL,28.84,0.2884,61.5,-1.6,0.0001,0.05,uk,金融,保险,保险经纪人,7.326554792212102e-05
888,888,385.76,3.8575999999999997,86.0,-1.6,0.0115,0.3,uk,消费,可选消费,电影娱乐,0.004092383983777918
LMP,LONDONMETRIC PROPERTY,1869.75,18.6975,171.6,-1.61,0.0254,0.14,uk,金融,房地产,房地产投资信托,0.005916880785509743
SFR,SEVERFIELD,188.82,1.8881999999999999,61.0,-1.61,0.0007000000000000001,0.04,uk,制造业,建筑业,建筑工程,0.0003149873538706239
BVXP,BIOVENTIX,190.0,1.9,3640.0,-1.62,0.0022,0.11,uk,消费,商业服务,综合商业,0.0009975542486902003
ATM,ANDRADA MINING LIMITED,93.76,0.9376000000000001,6.05,-1.63,0.0018,0.19,uk,资源,矿产,其他金属,0.0010240169714943418
MGNS,MORGAN SINDALL,911.1,9.111,1924.0,-1.64,0.034300000000000004,0.37,uk,制造业,建筑业,建筑工程,0.009877198223890351
TM17,TEAM17,349.93,3.4993,240.0,-1.64,0.3012,8.61,uk,科技,IT技术,软件开发,0.11478286748439599
RWI,RENEWI,571.42,5.7142,712.0,-1.66,0.015600000000000001,0.27,uk,公用事业,环保,环境工程,0.0052227182861750284
LABS,LIFE SCIENCE REIT,249.2,2.492,71.2,-1.66,0.0033,0.13,uk,金融,房地产,房地产投资信托,0.001425745573347817
GETB,GETBUSY,29.84,0.2984,59.0,-1.67,0.0001,0.02,uk,科技,IT技术,软件开发,7.781808509591139e-05
DOCS,DR. MARTENS,1215.94,12.1594,123.0,-1.68,0.0384,0.31,uk,消费,日常消费,服装鞋类,0.01063284827962155
RNO,瑞诺德集团,65.93,0.6593000000000001,29.25,-1.68,0.0004,0.06,uk,制造业,机械,机械加工设备,0.0002630115207595719
RM.,RM,49.07,0.4907,58.5,-1.68,0.0001,0.02,uk,科技,IT技术,数据处理,7.078803718656551e-05
HWDN,HOWDEN JOINERY,3568.57,35.685700000000004,650.4,-1.69,0.0832,0.23,uk,消费,可选消费,电子电器,0.018070924587064583
SOLG,SOLGOLD,295.61,2.9561,9.85,-1.7,0.0028000000000000004,0.09,uk,资源,矿产,贵金属,0.0011891802298425152
ANIC,AGRONOMICS LIMITED,91.77,0.9177,9.24,-1.7,0.0006,0.07,uk,金融,资产管理,投资经理,0.0003665822683056158
KYGA,KERRY,132.4,1.324,74.75,-1.71,0.0003,0.03,uk,消费,食品饮料,零食,0.0001656772862036638
DWHA,DEWHURST,29.42,0.2942,575.0,-1.71,0.0001,0.02,uk,科技,电子,仪器设备,8.092668201228534e-05
TW.,泰勒温佩,3853.95,38.5395,109.1,-1.71,0.0827,0.21,uk,制造业,建筑业,住宅建筑,0.017998885485199453
BBY,BALFOUR BEATTY,1699.12,16.9912,307.6,-1.73,0.0233,0.14,uk,制造业,建筑业,建筑工程,0.0062079580987081905
DFS,DFS FURNITURE,234.61,2.3461000000000003,100.2,-1.76,0.0006,0.03,uk,消费,可选消费,家居摆设,0.00028922012121301404
FOXT,FOXTONS,108.32,1.0832,35.95,-1.78,0.001,0.1,uk,金融,房地产,房地产开发,0.0006245431587185591
G4M,GEAR4MUSIC (HOLDINGS),28.84,0.2884,137.5,-1.79,0.0003,0.09,uk,消费,零售,电子电器商店,0.00026143265452330635
ENT,ENTAIN,5972.59,59.7259,935.0,-1.81,0.21719999999999998,0.36,uk,消费,可选消费,博彩,0.04725951945816806
FDEV,FRONTIER DEVELOPMENTS,84.48,0.8448,214.0,-1.83,0.0002,0.03,uk,消费,可选消费,休闲产品,0.00014016198851527398
PAGE,PAGEGROUP,1335.51,13.3551,406.4,-1.84,0.0305,0.22,uk,消费,商业服务,人力资源,0.00948474816943714
PRES,PRESSURE TECHNOLOGIES,10.25,0.1025,26.5,-1.85,0.0001,0.14,uk,制造业,机械,综合制造,0.00010468022391267615
CLIG,伦敦城市投资集团,81.47,0.8147,344.0,-1.85,0.001,0.13,uk,金融,资产管理,投资信托,0.000719929211165415
BDEV,巴莱特开发公司,4068.9,40.689,417.5,-1.86,0.0816,0.2,uk,制造业,建筑业,住宅建筑,0.01998452458867941
SDG,SANDERSON DESIGN,75.04,0.7504000000000001,105.0,-1.87,0.006,0.8,uk,消费,可选消费,家居摆设,0.004492840936059559
TATE,TATE & LYLE,2624.89,26.2489,653.5,-1.88,0.0693,0.26,uk,消费,食品饮料,零食,0.01895628941114305
SMSN,SAMSUNG ELECTRONICS CO LTD (ATT,3207.09,32.0709,1249.0,-1.89,0.0005,0.0,uk,科技,通信,通信设备,0.000131948616869298
AGL,ANGLE,33.88,0.33880000000000005,13.0,-1.89,0.0026,0.75,uk,消费,经销商,医疗经销商,0.0023894850512494324
IMB,帝国烟草,15356.12,153.5612,1711.5,-1.89,0.3448,0.22,uk,消费,日常消费,烟草,0.06776497665509315
CRDA,禾大国际,6081.12,60.8112,4355.0,-1.89,0.1852,0.3,uk,制造业,化工,特殊化学品,0.04290837798235457
WTB,惠特贝瑞,6298.02,62.9802,3259.0,-1.9,0.1514,0.24,uk,消费,可选消费,酒店,0.03512497310702175
WEIR,伟尔集团,4698.98,46.989799999999995,1810.0,-1.9,0.053899999999999997,0.11,uk,制造业,机械,工程机械,0.013243153823200848
RDW,REDROW,1600.93,16.0093,484.0,-1.91,0.026600000000000002,0.17,uk,制造业,建筑业,住宅建筑,0.008370638016402117
AAF,AIRTEL AFRICA,4442.14,44.421400000000006,118.2,-1.91,0.0242,0.05,uk,科技,通信,电信运营,0.006062227966150896
FRAS,FRASERS,3641.98,36.4198,801.0,-1.96,0.0217,0.06,uk,消费,零售,专卖店,0.0058915218115745075
IGR,IG DESIGN,120.46,1.2046,125.0,-1.96,0.0004,0.03,uk,消费,日常消费,小商品,0.00028034381213066427
CPX,CAP-XX LIMITED,8.95,0.0895,1.25,-1.96,0.0002,0.23,uk,科技,电子,元器件,0.000231168733946963
CORO,CORO ENERGY,7.17,0.0717,0.25,-1.96,0.0001,0.15,uk,资源,能源,油气生产,0.00011736504850268128
BCPT,BALANCED COMMERCIAL PROPERTY TR,453.9,4.539,64.7,-1.97,0.0076,0.17,uk,金融,房地产,房地产投资信托,0.0035443402214341145
STEM,STHREE,467.7,4.677,347.0,-1.98,0.013500000000000002,0.29,uk,消费,商业服务,人力资源,0.006287510444805837
HIK,HIKMA PHARMACEUTICALS,4594.03,45.9403,2078.0,-1.98,0.0801,0.17,uk,医药,制药,仿制药,0.021053269846245126
ACSO,ACCESSO TECHNOLOGY,246.91,2.4691,590.0,-1.99,0.0042,0.17,uk,科技,IT技术,软件开发,0.0024038247560867433
SIS,SCIENCE IN SPORT,21.12,0.2112,12.25,-2.0,0.0001,0.07,uk,消费,日常消费,个人护理,0.00010860027130571147
BGEO,BANK OF GEORGIA,1574.7,15.747,3430.0,-2.0,0.02,0.13,uk,金融,银行,主要银行,0.0067785184026470865
ALL,ATLANTIC LITHIUM LIMITED,150.0,1.5,24.5,-2.0,0.0017000000000000001,0.11,uk,资源,矿产,钢,0.0011480297859338207
KNOS,KAINOS,1405.08,14.050799999999999,1123.0,-2.01,0.0365,0.26,uk,科技,IT技术,信息技术,0.012823556149495305
MOON,MOONPIG,535.51,5.3551,156.0,-2.01,0.01,0.19,uk,科技,IT技术,互联网,0.004576413939670758
CCR,C&C,534.46,5.344600000000001,136.0,-2.02,0.008100000000000001,0.15,uk,消费,食品饮料,酒,0.0037371097303009
KIE,KIER,472.21,4.7221,105.8,-2.04,0.0067,0.14,uk,制造业,建筑业,建筑工程,0.0032558292714988503
HLN,HALEON,30594.14,305.9414,331.3,-2.04,0.44189999999999996,0.14,uk,消费,经销商,医疗经销商,0.08760901774038737
KOD,KODAL MINERALS,81.71,0.8170999999999999,0.48,-2.04,0.0023,0.28,uk,资源,矿产,其他金属,0.0019203537830562035
TPK,塔维博金集团,1569.59,15.6959,738.6,-2.04,0.0417,0.26,uk,消费,零售,家居装修,0.014576290659228766
MRL,MARLOWE,553.81,5.538099999999999,574.0,-2.05,0.004,0.07,uk,消费,商业服务,综合商业,0.0018675284140414342
CMCX,盈丰财资市场,266.1,2.661,95.1,-2.06,0.003,0.11,uk,金融,资产管理,投资银行,0.0017671324763855354
SPI,SPIRE HEALTHCARE,862.8,8.628,213.5,-2.06,0.006500000000000001,0.08,uk,医药,健康服务,健康服务,0.002694767987142583
UTG,联合集团,3921.54,39.2154,900.0,-2.07,0.048600000000000004,0.12,uk,金融,房地产,房地产开发,0.01411576416708166
BNC,桑坦德银行(UK),49615.62,496.1562,307.0,-2.07,0.11230000000000001,0.02,uk,金融,银行,主要银行,0.021239526889689244
TUI,途易集团,2449.6,24.496,415.0,-2.08,0.0704,0.29,uk,消费,可选消费,其他消费者服务,0.022811928616311056
TEP,TELECOM PLUS,1198.97,11.989700000000001,1508.0,-2.08,0.014199999999999999,0.12,uk,公用事业,电力,电力公司,0.005471863983496316
SAFE,SAFESTORE,1538.04,15.3804,705.5,-2.08,0.0161,0.1,uk,金融,房地产,房地产投资信托,0.005824969206381175
LGEN,法通保险,12931.68,129.3168,216.3,-2.08,0.1821,0.14,uk,金融,保险,多险种保险,0.042606702619144766
SMWH,WH SMITH,1599.75,15.9975,1222.0,-2.08,0.0363,0.23,uk,消费,零售,食品零售,0.01300660765188761
MKS,马莎百货,4248.44,42.484399999999994,215.4,-2.09,0.1838,0.43,uk,消费,零售,百货商店,0.05328008268356299
MXCT,MAXCYTE INC COM STK USD0.01 (DI,240.75,2.4075,232.5,-2.11,0.0001,0.0,uk,医药,医疗,生物技术,6.305089532194024e-05
DLN,DERWENT LONDON,2079.63,20.796300000000002,1852.0,-2.11,0.0263,0.13,uk,金融,房地产,房地产投资信托,0.009043211430922337
POLR,POLAR CAPITAL,420.97,4.209700000000001,416.0,-2.12,0.0060999999999999995,0.14,uk,金融,资产管理,投资经理,0.00325322571169782
DNLM,DUNELM,2047.63,20.476300000000002,1015.0,-2.12,0.0279,0.14,uk,消费,零售,专卖店,0.00969730798659633
PSN,柿子公司,3235.73,32.3573,1013.0,-2.13,0.11230000000000001,0.35,uk,制造业,建筑业,住宅建筑,0.03547062332865203
ENSI,ENSILICA,53.9,0.539,69.0,-2.13,0.0002,0.03,uk,科技,电子,半导体,0.00019895429633200558
WHR,WAREHOUSE REIT,331.82,3.3182,78.1,-2.13,0.0038,0.11,uk,金融,房地产,房地产投资信托,0.0021965996735277826
HLMA,英国豪迈,7199.97,71.9997,1896.5,-2.14,0.19399999999999998,0.27,uk,科技,电子,仪器设备,0.05257551229294703
N91,NINETY ONE,1023.59,10.2359,164.4,-2.14,0.0083,0.08,uk,金融,资产管理,投资经理,0.0034804816229809113
LUCE,LUCECO,190.07,1.9006999999999998,118.2,-2.15,0.0008,0.04,uk,科技,电子,仪器设备,0.0005593847901086326
BAB,巴布考克国际集团,2013.29,20.1329,398.2,-2.16,0.036000000000000004,0.18,uk,制造业,机械,工程机械,0.012921985025093409
ARC,ARCONTECH,11.97,0.1197,89.5,-2.19,0.0001,0.04,uk,科技,IT技术,软件开发,0.00013337689306455668
MEGP,ME,570.85,5.7085,151.0,-2.2,0.004699999999999999,0.08,uk,消费,零售,专卖店,0.0024197667303764766
CRE,CONDUIT,725.37,7.2537,441.0,-2.22,0.0069,0.09,uk,金融,保险,专业保险,0.0033611619971864863
PCIP,PCI-PAL,28.81,0.28809999999999997,44.0,-2.22,0.0002,0.06,uk,金融,银行,地区银行,0.00024183197751951314
GAMA,GAMMA COMMUNICATIONS,1028.81,10.2881,1056.0,-2.22,0.0091,0.09,uk,科技,通信,电信运营,0.004027472505598744
ALPH,ALPHA,758.13,7.5813,1750.0,-2.23,0.026600000000000002,0.35,uk,金融,银行,地区银行,0.012884174017310126
PLUS,PLUS500 LTD,1049.78,10.4978,1306.0,-2.25,0.0602,0.57,uk,金融,资产管理,投资银行,0.0270409274364684
IWG,IWG,1357.02,13.5702,134.8,-2.25,0.0227,0.17,uk,消费,商业服务,综合商业,0.00954012861199441
MTO,MITIE,1335.57,13.355699999999999,99.7,-2.25,0.021099999999999997,0.16,uk,消费,商业服务,综合商业,0.008903590180153432
PRSR,PRS REIT (THE),403.7,4.037,73.5,-2.26,0.0033,0.08,uk,金融,房地产,房地产投资信托,0.00196286107900702
IGG,IG,2452.9,24.529,624.0,-2.27,0.061399999999999996,0.25,uk,金融,资产管理,投资银行,0.022690688416253806
TGP,TEKMAR,14.63,0.1463,10.75,-2.27,0.0001,0.08,uk,制造业,机械,电力设备,0.00013786109769552187
ESP,EMPIRIC STUDENT PROPERTY,518.96,5.1896,86.0,-2.27,0.0092,0.18,uk,金融,房地产,房地产投资信托,0.005106497127467066
BREE,BREEDON,1091.93,10.9193,321.5,-2.28,0.0179,0.16,uk,制造业,建筑业,建筑材料,0.008116975023039789
INF,英富曼集团,9824.74,98.2474,709.8,-2.29,0.25,0.25,uk,科技,IT技术,互联网,0.07090520945545362
JDW,WETHERSPOON ( J.D.),824.64,8.2464,640.5,-2.29,0.012,0.14,uk,消费,可选消费,餐厅,0.005908753471290975
GEM,GEMFIELDS,154.68,1.5468000000000002,12.8,-2.29,0.0004,0.02,uk,资源,矿产,其他金属,0.0003282136762986918
BLND,英国土地公司,2865.2,28.651999999999997,309.0,-2.31,0.0783,0.27,uk,金融,房地产,房地产投资信托,0.02869098204840292
JDG,JUDGES SCIENTIFIC,501.37,5.0137,7580.0,-2.32,0.004699999999999999,0.09,uk,科技,电子,仪器设备,0.002723183380185685
VSVS,VESUVIUS,1096.25,10.9625,404.2,-2.32,0.0141,0.13,uk,制造业,机械,综合制造,0.006555863026507643
PODP,POD POINT,38.76,0.3876,25.15,-2.33,0.0007000000000000001,0.18,uk,制造业,机械,电力设备,0.000859106924266561
GNS,GENUS,1432.84,14.328399999999998,2170.0,-2.34,0.026699999999999998,0.19,uk,制造业,化工,农产品,0.011738931768837875
SPT,思博伦通信,549.42,5.494199999999999,94.95,-2.37,0.0172,0.31,uk,科技,电子,仪器设备,0.010013228083021809
IAG,国际航空集团,7083.11,70.83109999999999,144.1,-2.4,0.21420000000000003,0.3,uk,制造业,运输,航空公司,0.06916353989660216
MARS,MARSTON'S,187.54,1.8754,28.4,-2.41,0.002,0.11,uk,消费,可选消费,餐厅,0.001666806358439948
MAB1,MORTGAGE ADVICE BUREAU (HOLDING,323.34,3.2333999999999996,566.0,-2.41,0.0019,0.06,uk,金融,资产管理,金融租赁,0.0013327476926343125
SUPR,SUPERMARKET INCOME REIT,906.02,9.0602,72.7,-2.42,0.0091,0.1,uk,金融,房地产,房地产投资信托,0.004742421028074198
BWY,BELLWAY,2599.88,25.998800000000003,2176.0,-2.42,0.0366,0.14,uk,制造业,建筑业,住宅建筑,0.014690584590008776
KLR,KELLER,496.34,4.9634,682.0,-2.43,0.006,0.12,uk,制造业,建筑业,建筑工程,0.003736782148799688
FDP,FD TECHNOLOGIES,382.56,3.8256,1362.0,-2.44,0.0024,0.06,uk,科技,IT技术,软件开发,0.0016275847743243356
VAST,VAST RESOURCES,5.86,0.058600000000000006,0.2,-2.44,0.0034000000000000002,5.76,uk,资源,矿产,其他金属,0.0056150749417874105
BBOX,TRITAX BIG BOX REIT,2627.16,26.2716,138.0,-2.47,0.09910000000000001,0.37,uk,金融,资产管理,投资信托,0.040911830726314685
RBW,RAINBOW RARE EARTHS LIMITED,94.32,0.9431999999999999,15.75,-2.48,0.0014000000000000002,0.15,uk,资源,矿产,其他金属,0.0015042912820783572
SNR,英国 Senior,692.04,6.9204,165.0,-2.48,0.0199,0.29,uk,制造业,机械,航空航天与国防,0.011594142183299223
MNG,M&G,4637.47,46.374700000000004,196.4,-2.48,0.08710000000000001,0.19,uk,金融,资产管理,金融集团,0.032062522254263516
PETS,PETS AT HOME,1490.26,14.9026,312.8,-2.49,0.022400000000000003,0.15,uk,消费,零售,专卖店,0.010699331712107378
KETL,STRIX,127.95,1.2795,58.5,-2.5,0.0018,0.14,uk,科技,电子,仪器设备,0.0017860390582271409
CTG,CHRISTIE,24.63,0.2463,97.5,-2.5,0.0002,0.1,uk,消费,商业服务,综合商业,0.00029664649748573915
LTG,LEARNING TECHNOLOGIES,490.52,4.9052,62.0,-2.52,0.0091,0.18,uk,科技,IT技术,软件开发,0.0060037608992252415
HSX,HISCOX LTD,3267.98,32.6798,941.5,-2.54,0.0482,0.15,uk,金融,保险,多险种保险,0.019773341379427208
DLG,直线保险集团,2064.12,20.641199999999998,157.4,-2.54,0.0375,0.18,uk,金融,保险,财产/意外伤害保险,0.017053743920215397
UJO,UNION JACK OIL,20.25,0.2025,19.0,-2.56,0.0003,0.15,uk,资源,能源,油气生产,0.00047484218018307127
NET,NETCALL,121.94,1.2194,76.0,-2.56,0.0004,0.03,uk,科技,IT技术,软件开发,0.0004172363139727386
GLR,GALILEO RESOURCES,11.05,0.1105,0.95,-2.56,0.0002,0.16,uk,资源,矿产,其他金属,0.00033936706204641806
ETP,ENERAQUA TECHNOLOGIES,12.62,0.12619999999999998,38.0,-2.56,0.002,1.53,uk,制造业,建筑业,建筑工程,0.003351088508085201
GEN,GENUIT,707.64,7.0764,284.0,-2.57,0.0101,0.14,uk,制造业,机械,综合制造,0.006165230073719096
BILN,BILLINGTON,39.06,0.3906,302.0,-2.58,0.0006,0.15,uk,制造业,建筑业,建筑工程,0.0008557057446048795
BKG,伯克利集团,4271.3,42.713,4015.0,-2.6,0.0779,0.18,uk,金融,房地产,房地产开发,0.03127738706225497
AXB,AXIS BANK LIMITED GDR EACH REPR,336.95,3.3695,59.7,-2.61,0.0001,0.0,uk,金融,银行,地区银行,7.795822970148094e-05
FME,FUTURE METALS NL,7.8,0.078,1.85,-2.63,0.0002,0.2,uk,资源,矿产,贵金属,0.00036296085608571654
PCTN,PICTON PROPERTY INCOME LD,362.51,3.6250999999999998,66.2,-2.65,0.0042,0.11,uk,金融,房地产,房地产投资信托,0.0032735486968068005
CVSG,CVS,1074.5,10.745,1502.0,-2.66,0.0173,0.16,uk,医药,健康服务,健康服务,0.009910709067711942
GBG,GB,533.95,5.3395,211.4,-2.67,0.0146,0.27,uk,科技,IT技术,软件开发,0.010232184127896794
ECOR,ECORA RESOURCES,201.74,2.0174000000000003,94.5,-2.68,0.0037,0.18,uk,资源,矿产,其他金属,0.0035273179821320535
JNEO,JOURNEO,35.91,0.3591,218.0,-2.68,0.0005,0.14,uk,科技,电子,计算机通讯,0.0007675798916407072
CRN,CAIRN HOMES,650.4,6.504,98.1,-2.68,0.0021,0.03,uk,制造业,建筑业,住宅建筑,0.001397138333184628
SRE,SIRIUS REAL ESTATE LD,979.28,9.7928,83.15,-2.69,0.018000000000000002,0.18,uk,金融,房地产,房地产开发,0.01074627949814088
DOM,达美乐比萨(UK),1470.11,14.701099999999999,361.4,-2.69,0.021400000000000002,0.14,uk,消费,可选消费,餐厅,0.011500294197734994
OBD,OXFORD BIODYNAMICS,72.83,0.7283,36.0,-2.7,0.0034999999999999996,0.47,uk,医药,医疗,生物技术,0.004588550765334109
VLX,豪利士集团,519.72,5.1972000000000005,286.5,-2.72,0.011200000000000002,0.21,uk,制造业,机械,电力设备,0.008132101100822848
MPE,M.P. EVANS,381.86,3.8186,714.0,-2.72,0.0032,0.08,uk,制造业,化工,农产品,0.0025507144189443813
CABP,CAB PAYMENTS,543.87,5.4387,214.0,-2.73,0.0113,0.2,uk,金融,银行,地区银行,0.008139042871609577
MER,MEARS,276.83,2.7683,266.5,-2.74,0.0049,0.17,uk,制造业,建筑业,住宅建筑,0.004365401553989228
RS1,RS,3404.1,34.041,719.0,-2.76,0.0857,0.25,uk,消费,经销商,批发经销商,0.03940528554536459
CTL,CLEANTECH LITHIUM,46.83,0.4683,44.0,-2.76,0.0014000000000000002,0.31,uk,资源,矿产,其他金属,0.0021191697092987826
PRU,英国保诚,24338.4,243.38400000000001,884.0,-2.77,0.4219,0.17,uk,金融,保险,多险种保险,0.13674125339670212
TST,TOUCHSTAR,7.2,0.07200000000000001,87.5,-2.78,0.0003,0.43,uk,科技,IT技术,软件开发,0.0005939534616639444
VMUK,VIRGIN MONEY UK,1019.44,10.1944,153.55,-2.79,0.028999999999999998,0.28,uk,金融,银行,地区银行,0.018074714860136117
LENZ,SANCUS LENDING,7.93,0.0793,121.5,-2.8,0.0001,0.08,uk,金融,资产管理,投资信托,0.00019882159342239156
XPF,XP FACTORY,30.11,0.3011,17.25,-2.82,0.0004,0.14,uk,消费,可选消费,电影娱乐,0.0006847471009164558
EQLS,EQUALS,188.16,1.8816,103.5,-2.82,0.0078000000000000005,0.42,uk,金融,银行,地区银行,0.008194492722900992
GRI,GRAINGER,1732.23,17.3223,233.6,-2.83,0.019299999999999998,0.11,uk,金融,房地产,房地产开发,0.010734801025753842
AAZ,ANGLO ASIAN MINING,58.83,0.5882999999999999,51.5,-2.83,0.0002,0.04,uk,资源,矿产,贵金属,0.00029722805760315014
INVP,天达证券投资顾问,3032.26,30.3226,470.0,-2.83,0.028399999999999998,0.09,uk,金融,资产管理,投资银行,0.013890424991053998
ARIX,ARIX BIOSCIENCE,154.62,1.5462,119.5,-2.85,0.0031,0.2,uk,金融,资产管理,投资经理,0.0035193765889726435
EBOX,TRITAX EUROBOX,385.25,3.8525,47.75,-2.85,0.0034999999999999996,0.09,uk,金融,房地产,房地产投资信托,0.0029800888131480525
CBG,CLOSE BROTHERS,1241.34,12.4134,825.0,-2.88,0.0219,0.18,uk,金融,资产管理,投资银行,0.013581944785332246
MONY,MONEYSUPERMARKET.COM,1293.84,12.9384,241.0,-2.9,0.012199999999999999,0.09,uk,科技,IT技术,互联网,0.007562614487438164
HWG,HARWORTH,323.96,3.2396,100.0,-2.91,0.0022,0.07,uk,金融,房地产,房地产开发,0.002037995650727588
GRG,GREGGS,2366.19,23.6619,2314.0,-2.94,0.0751,0.31,uk,消费,食品饮料,零食,0.04105206932604264
SCT,SOFTCAT,2825.74,28.257399999999997,1416.0,-2.95,0.045,0.16,uk,科技,IT技术,信息技术,0.02375571294664603
ICP,中间资本集团,3921.82,39.2182,1349.5,-2.95,0.1612,0.41,uk,金融,资产管理,金融集团,0.07933017312826494
SDR,SCHRODERS,6308.04,63.0804,391.3,-2.95,0.0596,0.09,uk,金融,资产管理,投资经理,0.02668277038235413
HILS,HILL & SMITH,1317.89,13.1789,1644.0,-2.95,0.0106,0.08,uk,制造业,机械,综合制造,0.006705794815458846
ALK,ALKEMY CAPITAL INVESTMENTS,9.31,0.0931,114.0,-2.98,0.0004,0.44,uk,金融,资产管理,金融集团,0.0008611873675375199
FLTR,FLUTTER ENTERTAINMENT,23285.35,232.8535,13180.0,-2.98,0.2968,0.13,uk,消费,可选消费,博彩,0.107810429792255
LDG,LOGISTICS DEVELOPMENT,69.92,0.6992,13.0,-2.99,0.001,0.14,uk,制造业,运输,物流,0.001539795044613047
BAKK,BAKKAVOR,527.28,5.2728,91.0,-2.99,0.0006,0.01,uk,消费,食品饮料,零食,0.0004984366520013355
VTU,VERTU MOTORS,263.43,2.6343,77.2,-3.02,0.0042,0.16,uk,消费,零售,专卖店,0.004383963363054116
THG,THG,851.94,8.519400000000001,65.56,-3.02,0.014499999999999999,0.17,uk,科技,IT技术,网络零售,0.01065544849683922
RSW,雷尼绍,2467.53,24.675300000000004,3390.0,-3.03,0.0278,0.11,uk,制造业,机械,机械加工设备,0.015730435922172957
KWS,KEYWORDS STUDIOS,1038.18,10.3818,1310.0,-3.03,0.032799999999999996,0.31,uk,消费,商业服务,综合商业,0.022958970540708255
SEIT,SDCL ENERGY EFFICIENCY INCOME T,653.42,6.534199999999999,60.2,-3.06,0.0040999999999999995,0.06,uk,金融,资产管理,投资信托,0.003309219089206234
WPP,WPP集团(UK),7663.59,76.6359,713.0,-3.07,0.1509,0.2,uk,消费,商业服务,广告营销,0.0690408961849813
PAG,PARAGON BANKING,1047.66,10.476600000000001,479.2,-3.07,0.011000000000000001,0.1,uk,金融,银行,地区银行,0.007829441797210185
ALT,ALTITUDE,28.63,0.2863,40.5,-3.11,0.0025,0.86,uk,科技,IT技术,软件开发,0.004983581561168365
LIO,LIONTRUST ASSET MANAGEMENT,363.64,3.6364,560.0,-3.11,0.0233,0.64,uk,金融,资产管理,投资经理,0.022944888989014228
PREM,PREMIER AFRICAN MINERALS LIMITE,111.5,1.115,0.465,-3.13,0.002,0.18,uk,资源,矿产,其他金属,0.0028800811202468976
MSLH,MARSHALLS,533.26,5.3326,210.8,-3.13,0.0092,0.17,uk,制造业,建筑业,建筑材料,0.008142826759918408
LRE,兰开夏郡控股,1318.23,13.1823,541.5,-3.13,0.0179,0.14,uk,金融,保险,财产/意外伤害保险,0.012345282594454962
GPE,GREAT PORTLAND ESTATES,982.98,9.8298,387.2,-3.15,0.0072,0.07,uk,金融,房地产,房地产投资信托,0.005411556370635454
S247,SMARTTECH247,37.84,0.3784,30.5,-3.17,0.0001,0.03,uk,科技,IT技术,软件开发,0.00019423184194515585
GKP,GULF KEYSTONE PETROLEUM LTD COM,271.16,2.7116000000000002,121.9,-3.18,0.0226,0.83,uk,资源,能源,石油,0.025200389235322893
INDV,INDIVIOR,2173.92,21.7392,1576.0,-3.19,0.030899999999999997,0.14,uk,医药,制药,主要制药,0.019399786857985418
GROW,MOLTEN VENTURES,333.85,3.3385000000000002,218.2,-3.19,0.0055000000000000005,0.16,uk,金融,资产管理,投资银行,0.005771213335042318
UKOG,英国油气投资,6.33,0.0633,0.03,-3.23,0.0006,0.91,uk,资源,能源,油气生产,0.00149040509333347
EUA,EURASIA MINING,64.32,0.6431999999999999,2.25,-3.23,0.0009,0.13,uk,资源,矿产,其他金属,0.0015854275845105222
CRL,CREIGHTONS,20.53,0.2053,30.0,-3.23,0.0003,0.14,uk,消费,日常消费,个人护理,0.000666488630476919
SFOR,S4 CAPITAL,338.66,3.3866,58.2,-3.24,0.0067,0.2,uk,消费,商业服务,广告营销,0.007158905843043709
KITW,KITWAVE,186.2,1.8619999999999999,266.0,-3.27,0.0026,0.14,uk,消费,经销商,食品经销商,0.003401503597447928
GGP,GREATLAND GOLD,300.33,3.0033,5.9,-3.28,0.0043,0.14,uk,资源,矿产,贵金属,0.00485611927243059
BYG,BIG YELLOW,1850.12,18.501199999999997,943.0,-3.28,0.0292,0.16,uk,金融,房地产,房地产投资信托,0.019826006250630104
WKP,WORKSPACE,904.61,9.046100000000001,471.4,-3.28,0.011200000000000002,0.12,uk,金融,房地产,房地产投资信托,0.009129659106441075
TRIN,TRINITY EXPLORATION & PRODUCTIO,28.52,0.2852,73.5,-3.29,0.0006,0.2,uk,资源,能源,油气生产,0.0012987744231698294
MAST,MAST ENERGY DEVELOPMENTS,3.83,0.0383,1.45,-3.33,0.0015,4.07,uk,公用事业,电力,电力公司,0.003983593429781965
GYM,THE GYM,186.53,1.8653,104.4,-3.33,0.0009,0.05,uk,消费,可选消费,其他消费者服务,0.001208175599286002
GENL,GENEL ENERGY,226.04,2.2603999999999997,80.9,-3.35,0.002,0.09,uk,资源,能源,油气生产,0.002547849771019853
PTEC,PLAYTECH,1212.43,12.1243,392.0,-3.35,0.013600000000000001,0.11,uk,科技,IT技术,软件开发,0.010575392399220406
ATG,AUCTION TECHNOLOGY,697.36,6.9736,574.0,-3.37,0.051,0.72,uk,科技,IT技术,互联网,0.04648044070769674
AURA,AURA ENERGY LIMITED,88.21,0.8820999999999999,14.25,-3.39,0.0003,0.03,uk,资源,矿产,其他金属,0.0005196563059680667
WISE,WISE,7173.44,71.7344,700.0,-3.39,0.08650000000000001,0.12,uk,消费,商业服务,综合商业,0.04626370671936964
ORR,ORIOLE RESOURCES,3.28,0.032799999999999996,0.085,-3.41,0.0001,0.46,uk,资源,矿产,贵金属,0.00027625651558324613
ONT,OXFORD NANOPORE TECHNOLOGIES PL,1641.69,16.416900000000002,198.0,-3.41,0.0101,0.06,uk,科技,电子,仪器设备,0.007466712258062246
AML,阿斯顿马丁,1886.48,18.8648,237.2,-3.42,0.0148,0.08,uk,制造业,汽车,汽车整车,0.010625421270788046
BOY,鲍迪克,1161.18,11.6118,606.5,-3.42,0.0079,0.07,uk,制造业,机械,航空航天与国防,0.006400674451595777
SCLP,SCANCELL,114.58,1.1458,14.0,-3.45,0.0002,0.02,uk,医药,医疗,生物技术,0.00032890188347841395
LTHM,LATHAM (JAMES),197.57,1.9757,980.0,-3.45,0.002,0.1,uk,消费,经销商,批发经销商,0.0027745912748528257
PAY,PAYPOINT,385.17,3.8517,530.0,-3.46,0.0058,0.15,uk,金融,银行,地区银行,0.006548601528063756
FEVR,蓝桉树饮料,1170.28,11.7028,1003.0,-3.46,0.016,0.14,uk,消费,食品饮料,饮料,0.013155899180562149
ATYM,ATALAYA MINING,428.03,4.2802999999999995,306.0,-3.47,0.0055000000000000005,0.13,uk,资源,矿产,其他金属,0.006037613844248073
CNE,CAPRICORN ENERGY,157.56,1.5756000000000001,166.0,-3.49,0.0034000000000000002,0.21,uk,资源,能源,油气生产,0.005151672420964959
BHL,BRADDA HEAD LITHIUM LIMITED,10.74,0.1074,2.75,-3.51,0.0001,0.07,uk,资源,矿产,其他金属,0.0002697846129374932
AVCT,AVACTA,431.33,4.3133,154.0,-3.51,0.0461,1.08,uk,消费,商业服务,综合商业,0.051328627795613646
BPT,BRIDGEPOINT,1454.11,14.541099999999998,181.4,-3.51,0.0158,0.11,uk,金融,资产管理,投资经理,0.012548311167598941
NCC,NCC,325.24,3.2524,104.2,-3.52,0.0068000000000000005,0.21,uk,科技,IT技术,信息技术,0.00829416183697633
CPI,CAPITA,284.28,2.8427999999999995,16.71,-3.52,0.006,0.21,uk,消费,商业服务,综合商业,0.007634302345961633
FUTR,FUTURE,1005.52,10.0552,846.5,-3.53,0.034,0.33,uk,消费,可选消费,出版：书籍/杂志,0.029949267082778338
EMG,英仕曼集团,2646.89,26.468899999999998,220.6,-3.54,0.056900000000000006,0.21,uk,金融,资产管理,投资经理,0.03970558984865513
BATS,英美烟草,54724.37,547.2437,2447.0,-3.55,1.3430000000000002,0.24,uk,消费,日常消费,烟草,0.5554438796188123
KEFI,KEFI GOLD AND COPPER,30.93,0.3093,0.623,-3.56,0.0006,0.2,uk,资源,矿产,贵金属,0.001434050986768868
TRMR,TREMOR INTERNATIONAL LTD,203.52,2.0352,140.8,-3.56,0.0014000000000000002,0.07,uk,消费,商业服务,广告营销,0.002012945584967911
ELM,海名斯,666.97,6.669700000000001,113.6,-3.57,0.006999999999999999,0.1,uk,制造业,化工,特殊化学品,0.007021155999236893
SXS,思百吉,3297.26,32.9726,3215.0,-3.57,0.09179999999999999,0.28,uk,制造业,机械,电力设备,0.061796795472810744
OXB,牛津生物医药,274.36,2.7436000000000003,283.5,-3.57,0.0036,0.13,uk,医药,医疗,生物技术,0.004727163671760961
BELL,BELLUSCURA,37.13,0.3713,27.0,-3.57,0.0003,0.07,uk,医药,医疗,医疗器械,0.0006946081850185758
BVC,BATM ADVANCED COMMUNICATIONS LD,93.31,0.9331,21.4,-3.6,0.0063,0.71,uk,科技,通信,通信设备,0.011707904245219487
BKS,BEEKS FINANCIAL CLOUD,69.83,0.6983,106.5,-3.62,0.0004,0.06,uk,科技,IT技术,数据处理,0.0008127320900656818
HZM,HORIZONTE MINERALS,53.28,0.5328,19.75,-3.66,0.0033,0.61,uk,资源,矿产,其他金属,0.007301007691861466
QLT,QUILTER,1190.68,11.9068,84.8,-3.69,0.0288,0.24,uk,金融,资产管理,投资经理,0.025859611381585865
NCYT,NOVACYT S.A. EUR1/15TH (CDI),36.69,0.3669,52.0,-3.7,0.0003,0.08,uk,医药,医疗,医疗器械,0.0007329879430610434
MTEC,MADE TECH,19.41,0.1941,13.0,-3.7,0.0002,0.11,uk,科技,IT技术,数据处理,0.0005447516378527041
PHLL,PETERSHILL PARTNERS,1636.39,16.3639,145.2,-3.71,0.0054,0.03,uk,金融,资产管理,金融集团,0.004510317734973597
EZJ,易捷航空,2965.34,29.6534,391.2,-3.72,0.3177,1.07,uk,制造业,运输,航空公司,0.23215039966612128
GAW,GAMES WORKSHOP,3194.32,31.9432,9705.0,-3.72,0.0463,0.14,uk,消费,可选消费,休闲产品,0.03329017385786765
ESNT,ESSENTRA,494.87,4.9487,170.4,-3.73,0.0165,0.33,uk,制造业,化工,特种工业品,0.01923346112763189
ITV,英国独立电视台,2623.98,26.2398,65.04,-3.73,0.0735,0.28,uk,消费,可选消费,电影娱乐,0.05539367904212551
HL.,哈格里夫斯·兰斯多恩公司,3509.01,35.0901,739.8,-3.85,0.0935,0.27,uk,金融,资产管理,投资经理,0.06920753229460533
FSG,FORESIGHT,405.17,4.0517,374.0,-3.86,0.004699999999999999,0.11,uk,金融,资产管理,投资经理,0.006112631084622566
HTWS,HELIOS TOWERS,714.34,7.143400000000001,68.0,-3.89,0.0042,0.06,uk,科技,通信,电信运营,0.004671573443543422
AWE,ALPHAWAVE IP,766.51,7.6651,108.0,-3.91,0.0091,0.12,uk,科技,IT技术,软件开发,0.009995643862989382
OSB,OSB,1201.13,12.0113,304.0,-3.92,0.0168,0.14,uk,金融,银行,主要银行,0.016409389706145486
VTY,VISTRY,2614.73,26.1473,753.0,-3.95,0.051,0.19,uk,制造业,建筑业,住宅建筑,0.04174780942139157
DWL,DOWLAIS,1354.82,13.5482,97.24,-3.96,0.0484,0.35,uk,制造业,汽车,汽车零部件,0.04650736683932105
CLI,CLS,404.56,4.0456,101.8,-3.96,0.0037,0.09,uk,金融,房地产,房地产开发,0.0049931153923107804
INCH,英之杰集团,2843.55,28.4355,688.5,-3.97,0.0385,0.13,uk,消费,零售,专卖店,0.031156848700652554
FIPP,FRONTIER IP,26.75,0.2675,48.0,-4.0,0.0001,0.05,uk,消费,商业服务,综合商业,0.0002897699660801138
OTB,ON THE BEACH,158.31,1.5831,95.0,-4.04,0.0048,0.3,uk,消费,可选消费,其他消费者服务,0.008954016329369678
SVS,第一太平戴维斯,1129.12,11.291199999999998,782.0,-4.05,0.009899999999999999,0.09,uk,金融,房地产,房地产开发,0.01029387602207002
AT.,ASHTEAD TECHNOLOGY,359.77,3.5976999999999997,450.0,-4.05,0.024399999999999998,0.64,uk,金融,资产管理,金融租赁,0.0352488934759801
VRS,VERSARIEN,2.22,0.0222,0.67,-4.15,0.0003,1.35,uk,制造业,机械,电力设备,0.0011087750010494518
HAS,瀚纳仕人才管理咨询,1556.97,15.569700000000001,97.85,-4.16,0.0353,0.22,uk,消费,商业服务,人力资源,0.03513690601066935
MTRO,METRO BANK,77.7,0.777,45.0,-4.26,0.0079,0.99,uk,金融,银行,地区银行,0.019661628454245475
JET,JUST EAT TAKEAWAY.COM N.V.,2252.45,22.5245,1024.0,-4.3,0.0385,0.17,uk,消费,零售,专卖店,0.036776174996223
YOU,舆观,1030.29,10.3029,880.0,-4.35,0.0669,0.63,uk,消费,商业服务,综合商业,0.07885863607292062
TAVI,TAVISTOCK INVESTMENTS,30.82,0.30820000000000003,5.5,-4.35,0.0002,0.05,uk,金融,资产管理,投资经理,0.000636471086618777
BCE,BEACON ENERGY,23.41,0.2341,0.175,-4.37,0.0042,1.81,uk,资源,能源,油气生产,0.014100881765847038
VP.,VP,193.88,1.9387999999999999,485.0,-4.43,0.0003,0.02,uk,金融,资产管理,金融租赁,0.0005980518167108575
FRP,FRP ADVISORY,268.5,2.685,107.0,-4.46,0.0016,0.06,uk,消费,商业服务,综合商业,0.002903909546587274
FARN,FARON PHARMACEUTICALS OY,211.99,2.1199,320.0,-4.48,0.0002,0.01,uk,医药,制药,主要制药,0.0003937295600525976
RAT,RATHBONES,1418.88,14.1888,1568.0,-4.51,0.0078000000000000005,0.05,uk,金融,资产管理,投资经理,0.008906459187351487
AJB,AJ BELL,1059.89,10.5989,257.2,-4.53,0.021099999999999997,0.2,uk,金融,资产管理,投资经理,0.026138053564061604
TYMN,TYMAN,495.62,4.9562,252.5,-4.54,0.0034000000000000002,0.07,uk,消费,可选消费,工具和硬件,0.005236181836373048
TRN,TRAINLINE,1181.33,11.8133,247.2,-4.56,0.0174,0.15,uk,消费,可选消费,其他消费者服务,0.021145636306609226
TLY,TOTALLY,14.25,0.1425,7.25,-4.61,0.0003,0.18,uk,医药,健康服务,健康服务,0.0011599178143611726
TRST,TRUSTPILOT,415.54,4.1554,99.3,-4.61,0.039,0.92,uk,科技,IT技术,互联网,0.06472515166042052
VLS,VELOCYS,15.36,0.1536,0.93,-4.62,0.0002,0.12,uk,制造业,机械,机械加工设备,0.0007690755539971853
SUP,SUPREME,119.67,1.1967,102.0,-4.67,0.0009,0.08,uk,制造业,机械,电力设备,0.0022471834321054966
SPX,SPIRAX-SARCO ENGINEERING,6240.84,62.4084,8478.0,-4.68,0.19820000000000002,0.32,uk,制造业,机械,机械加工设备,0.17224424849143463
MAB,MITCHELLS & BUTLERS,1213.39,12.1339,203.0,-4.69,0.0066,0.05,uk,消费,可选消费,餐厅,0.008286279570152773
CCP,CELTIC,114.95,1.1495,121.5,-4.71,0.0001,0.01,uk,消费,可选消费,休闲产品,0.0002558035828424273
IPX,IMPAX ASSET MANAGEMENT,509.17,5.0917,384.0,-4.71,0.0084,0.16,uk,金融,资产管理,投资经理,0.013513173560797008
PDL,佩特拉钻石,5408.52,54.08520000000001,55.7,-4.79,0.0031,0.01,uk,资源,矿产,其他金属,0.0028614530958565526
JUP,木星基金管理,460.51,4.6051,84.5,-4.79,0.0045000000000000005,0.1,uk,金融,资产管理,投资信托,0.007638755069425422
JD.,JD SPORTS FASHION,6782.13,67.82130000000001,130.85,-4.8,0.10859999999999999,0.16,uk,消费,零售,服装鞋类,0.0962580668719317
FSJ,FISHER (JAMES) & SONS,158.25,1.5825,314.0,-4.85,0.0032,0.2,uk,制造业,运输,海运,0.007725542237683481
FDM,FDM,478.3,4.783,436.5,-4.9,0.0149,0.31,uk,科技,IT技术,信息技术,0.02581344623737692
FCH,FUNDING CIRCLE,125.73,1.2573,34.8,-4.92,0.0006,0.05,uk,金融,资产管理,金融租赁,0.0015875088562253086
MMAG,MUSICMAGPIE,20.75,0.2075,19.25,-4.94,0.0003,0.16,uk,科技,IT技术,网络零售,0.0012184523017815373
DARK,DARKTRACE,2560.75,25.6075,365.3,-4.94,0.0851,0.33,uk,科技,IT技术,信息技术,0.09595558207445921
TCAP,TP ICAP,1270.84,12.7084,162.1,-5.04,0.018000000000000002,0.14,uk,金融,资产管理,投资银行,0.024698032245205163
NWF,NWF,92.68,0.9268000000000001,187.5,-5.06,0.0011,0.12,uk,消费,经销商,食品经销商,0.003316101598664008
ABDN,ABRDN,2998.98,29.9898,157.65,-5.09,0.1427,0.47,uk,金融,资产管理,投资经理,0.16199465183166173
BOIL,BARON OIL,14.05,0.1405,0.074,-5.13,0.0004,0.3,uk,资源,能源,油气生产,0.0017988504125421487
SSPG,SSP,1514.2,15.142000000000001,190.1,-5.14,0.0375,0.24,uk,消费,可选消费,餐厅,0.05059771773175378
JTC,JTC,1109.0,11.09,670.0,-5.23,0.026699999999999998,0.24,uk,金融,资产管理,投资经理,0.03996123529961301
MCB,MCBRIDE,56.38,0.5638000000000001,32.4,-5.26,0.0004,0.08,uk,消费,日常消费,个人护理,0.001456328629235365
ACT,ACTUAL EXPERIENCE,0.97,0.0097,0.45,-5.26,0.0001,1.08,uk,科技,IT技术,信息技术,0.0005218327333239653
DSCV,DISCOVERIE,588.74,5.8874,611.0,-5.27,0.0105,0.18,uk,制造业,机械,电力设备,0.018932913727560015
YNGN,YOUNG & CO'S BREWERY,170.9,1.709,710.0,-5.33,0.0002,0.01,uk,消费,可选消费,餐厅,0.0005375581923937113
PPS,PROTON MOTOR POWER SYSTEMS,67.96,0.6796,4.375,-5.41,0.0001,0.02,uk,科技,电子,电子生产设备,0.00036077143090417667
ASLI,ABRDN EUROPEAN LOGISTICS INCOME,237.82,2.3782,57.7,-5.41,0.0039000000000000003,0.16,uk,金融,房地产,房地产投资信托,0.009635950933335634
VDTK,VERDITEK,2.41,0.0241,0.435,-5.43,0.0001,0.22,uk,科技,电子,半导体,0.000537854092637391
TM1,TECHNOLOGY MINERALS,19.68,0.1968,1.3,-5.45,0.0008,0.41,uk,资源,矿产,其他金属,0.003753495262009383
BMN,BUSHVELD MINERALS LIMITED,16.73,0.1673,1.3,-5.45,0.0003,0.19,uk,资源,矿产,钢,0.0014379842230039747
VCP,维多利亚,450.84,4.5084,392.0,-5.54,0.015,0.32,uk,消费,可选消费,家居摆设,0.03138153644261214
IPO,IP,509.13,5.0913,49.1,-5.58,0.0075,0.14,uk,消费,商业服务,综合商业,0.015279871968442072
ABDP,AB DYNAMICS,345.81,3.4581,1510.0,-5.63,0.0152,0.42,uk,科技,电子,仪器设备,0.03527441117400822
FOUR,4IMPRINT,1366.37,13.663699999999999,4850.0,-5.64,0.0461,0.33,uk,消费,商业服务,印刷,0.07259777760486713
MILA,MILA RESOURCES,2.78,0.0278,0.825,-5.71,0.0004,1.43,uk,资源,矿产,贵金属,0.0022983628750097257
ETX,E-THERAPEUTICS,62.62,0.6262,10.725,-5.71,0.0003,0.04,uk,医药,医疗,生物技术,0.0011916190251879029
IHP,INTEGRAFIN,714.99,7.1499,215.8,-5.85,0.009000000000000001,0.12,uk,金融,资产管理,投资信托,0.01773303927423513
HEAD,HEADLAM,155.9,1.5590000000000002,193.0,-5.85,0.0011,0.07,uk,消费,经销商,批发经销商,0.003461781680917738
ARK,ARKLE RESOURCES,1.58,0.0158,0.4,-5.88,0.0001,0.63,uk,资源,矿产,其他金属,0.0006052422856498297
WIZZ,威兹航空控股,1710.88,17.108800000000002,1656.5,-6.04,0.0868,0.49,uk,制造业,运输,航空公司,0.14209899638345438
ZIOC,ZANAGA IRON ORE COMPANY LIMITED,20.05,0.2005,6.53,-6.04,0.0006,0.28,uk,资源,矿产,钢,0.003235916063044776
QBT,QUANTUM BLOCKCHAIN TECHNOLOGIES,8.97,0.0897,0.775,-6.06,0.0003,0.34,uk,金融,资产管理,金融集团,0.0017702678822318534
IQE,IQE,156.53,1.5653,16.28,-6.11,0.0009,0.05,uk,制造业,机械,机械加工设备,0.0030032344557609156
PRTC,PURETECH HEALTH,470.28,4.7028,171.6,-6.13,0.0038,0.08,uk,医药,医疗,生物技术,0.009024928339640718
SNX,SYNECTICS,20.01,0.20010000000000003,112.5,-6.25,0.0002,0.1,uk,科技,IT技术,信息技术,0.0011307894469307616
COPL,CANADIAN OVERSEAS PETROLEUM LIM,5.87,0.0587,1.875,-6.25,0.0029,4.96,uk,资源,能源,石油,0.01834103450521037
ESKN,ESKEN LIMITED,26.66,0.2666,2.6,-6.47,0.0001,0.02,uk,消费,经销商,批发经销商,0.0005669681422326292
VANQ,VANQUIS BANKING,288.29,2.8829000000000002,112.4,-6.49,0.0026,0.09,uk,金融,资产管理,金融租赁,0.007766388937451878
PFC,PETROFAC LIMITED,322.89,3.2289,61.85,-6.5,0.0158,0.47,uk,制造业,建筑业,建筑工程,0.04564197886445788
BZT,BEZANT RESOURCES,2.14,0.021400000000000002,0.028,-6.67,0.0001,0.31,uk,资源,矿产,贵金属,0.0007155805120177079
TEK,TEKCAPITAL,18.26,0.1826,10.25,-6.82,0.0008,0.44,uk,科技,IT技术,信息技术,0.0051603636784046635
ORCA,ORCADIAN ENERGY,13.04,0.1304,20.5,-6.82,0.0006,0.48,uk,资源,能源,油气生产,0.004025914526417218
SYNT,SYNTHOMER,46.15,0.46149999999999997,197.5,-6.84,0.03,6.41,uk,制造业,化工,特殊化学品,0.16446395396134345
AGY,ALLERGY THERAPEUTICS,64.18,0.6418,1.35,-6.9,0.0001,0.01,uk,医药,制药,其他制药,0.0005116258159139181
ACRL,ACCROL,86.1,0.861,27.0,-6.9,0.0012,0.13,uk,消费,日常消费,个人护理,0.005664892863140499
OCDO,OCADO集团,4393.04,43.9304,530.8,-7.24,0.10859999999999999,0.24,uk,消费,零售,食品零售,0.18464260465017865
TBCG,TBC BANK,1523.33,15.2333,2750.0,-7.25,0.0143,0.09,uk,金融,银行,主要银行,0.030906661845834713
IMM,IMMUPHARMA,6.13,0.0613,1.838,-7.64,0.0001,0.12,uk,医药,制药,其他制药,0.0008293142710333025
ESYS,ESSENSYS,17.46,0.1746,27.0,-7.69,0.0002,0.13,uk,科技,IT技术,信息技术,0.0015271048710072451
ASHM,安石集团,1213.08,12.130799999999999,170.2,-7.8,0.0316,0.25,uk,金融,资产管理,投资经理,0.0798701106505365
FAB,FUSION ANTIBODIES,3.42,0.0342,5.75,-8.0,0.0001,0.23,uk,医药,健康服务,健康服务,0.0009045277597653576
CEL,CELADON PHARMACEUTICALS,73.4,0.7340000000000001,117.5,-8.2,0.0004,0.05,uk,制造业,化工,农产品,0.002493559924687423
TNT,TINTRA,14.63,0.1463,82.5,-8.33,0.0004,0.28,uk,消费,可选消费,电影娱乐,0.0034742730139039764
LETS,LET'S EXPLORE,9.41,0.0941,2.2,-8.33,0.0004,0.46,uk,科技,电子,仪器设备,0.003622838537275508
IQAI,IQ-AI LIMITED,6.92,0.0692,3.8,-8.43,0.0006,0.79,uk,科技,IT技术,软件开发,0.005641135005790333
ZOO,ZOO DIGITAL,42.07,0.4207,43.0,-8.51,0.0006,0.15,uk,消费,可选消费,电影娱乐,0.004511196139316703
SYM,SYMPHONY ENVIRONMENTAL TECHNOLO,9.28,0.0928,5.25,-8.7,0.0003,0.3,uk,制造业,化工,化学原料,0.0028832675935454464
RCH,REACH,240.49,2.4049,75.65,-8.8,0.009399999999999999,0.38,uk,消费,可选消费,出版：报纸,0.0448833805249086
BIDS,BIDSTACK,3.25,0.0325,0.25,-9.09,0.0012,4.24,uk,消费,商业服务,综合商业,0.012901771979723843
ACRM,ACUITY RM,19.94,0.19940000000000002,4.75,-9.52,0.0004,0.18,uk,科技,IT技术,软件开发,0.0039938511584604874
MIRI,MIRRIAD ADVERTISING,5.23,0.052300000000000006,1.875,-9.64,0.0009,1.54,uk,消费,商业服务,广告营销,0.010274621500486794
INS,INSTEM,168.31,1.6831,735.0,-10.09,0.0042,0.25,uk,科技,IT技术,信息技术,0.026944400178951968
AMTE,AMTE POWER,0.38,0.0038,1.05,-10.64,0.0008,21.97,uk,制造业,机械,电力设备,0.010897980087069775
MRK,MARKS ELECTRICAL,96.55,0.9655,92.0,-10.68,0.004,0.38,uk,消费,零售,电子电器商店,0.032802219178096156
PAT,PANTHERA RESOURCES,9.27,0.09269999999999999,6.0,-11.11,0.0006,0.6,uk,资源,矿产,贵金属,0.007978383067122981
CRTA,CIRATA,65.85,0.6585,57.4,-11.69,0.0014000000000000002,0.2,uk,科技,IT技术,软件开发,0.01438909262379019
KAT,KATORO GOLD,0.5,0.005,0.075,-11.76,0.0001,2.31,uk,资源,矿产,贵金属,0.0015521977938446796
HFD,HALFORDS,416.4,4.164,190.2,-12.11,0.0354,0.82,uk,消费,零售,专卖店,0.21723035946106745
BRSD,BRANDSHIELD SYSTEMS,5.54,0.0554,3.25,-18.75,0.0002,0.31,uk,科技,IT技术,软件开发,0.005413257962728492
STJ,圣詹姆斯广场,3512.15,35.1215,640.2,-21.79,0.30269999999999997,0.82,uk,金融,保险,人寿/健康保险,2.278901806266498
